Index,SN, UxN, UyN, BN 
1, 1, 0, 0, 0
2, 1, 0, 0, 1
3, 0, 1, 1, 0
4, 0, 0, 0, 0
5, 0, 0, 0, 0
6, 1, 1, 0, 1
7, 1, 0, 0, 1
8, 0, 0, 0, 0
9, 1, 0, 0, 1
10, 1, 0, 0, 1
11, 0, 0, 0, 0
12, 0, 1, 1, 0
13, 1, 1, 0, 1
14, 0, 0, 0, 0
15, 1, 1, 0, 1
16, 0, 0, 0, 1
17, 0, 0, 0, 0
18, 0, 0, 0, 0
19, 1, 0, 0, 1
20, 1, 0, 0, 0
21, 1, 0, 0, 1
22, 0, 0, 0, 0
23, 1, 0, 0, 0
24, 1, 0, 0, 0
25, 0, 0, 0, 0
26, 1, 0, 0, 0
27, 0, 0, 0, 0
28, 1, 0, 0, 0
29, 0, 0, 0, 0
30, 1, 0, 0, 0
31, 1, 1, 0, 1
32, 1, 0, 0, 1
33, 1, 0, 0, 1
34, 1, 0, 0, 1
35, 1, 0, 0, 0
36, 1, 0, 0, 0
37, 0, 0, 1, 0
38, 1, 0, 1, 1
39, 1, 0, 0, 1
40, 0, 0, 0, 0
41, 0, 0, 0, 0
42, 0, 0, 0, 0
43, 0, 0, 0, 1
44, 1, 0, 1, 0
45, 0, 0, 0, 0
46, 1, 0, 0, 0
47, 1, 0, 0, 1
48, 1, 0, 1, 0
49, 0, 0, 0, 0
50, 1, 0, 0, 1
51, 0, 1, 0, 0
52, 0, 1, 1, 0
53, 1, 0, 0, 0
54, 0, 1, 1, 0
55, 0, 0, 0, 0
56, 1, 0, 0, 0
57, 1, 1, 0, 1
58, 0, 0, 0, 0
59, 1, 0, 0, 1
60, 1, 1, 1, 1
61, 0, 0, 0, 0
62, 1, 0, 0, 1
63, 1, 1, 1, 1
64, 1, 0, 0, 1
65, 1, 0, 0, 1
66, 0, 0, 0, 0
67, 0, 0, 0, 1
68, 1, 0, 0, 1
69, 1, 0, 1, 1
70, 1, 0, 0, 1
71, 1, 0, 0, 0
72, 1, 0, 0, 0
73, 0, 1, 0, 0
74, 0, 0, 0, 1
75, 1, 0, 0, 1
76, 1, 0, 0, 0
77, 1, 0, 0, 0
78, 1, 0, 0, 0
79, 1, 0, 0, 0
80, 1, 1, 0, 1
81, 1, 0, 0, 0
82, 1, 0, 0, 1
83, 0, 0, 0, 0
84, 1, 0, 0, 0
85, 0, 0, 0, 1
86, 1, 0, 0, 1
87, 0, 0, 0, 0
88, 1, 0, 0, 0
89, 1, 1, 1, 1
90, 1, 0, 0, 1
91, 1, 0, 0, 0
92, 1, 0, 0, 1
93, 0, 0, 0, 0
94, 1, 0, 0, 0
95, 1, 0, 0, 0
96, 0, 0, 0, 1
97, 0, 0, 0, 0
98, 0, 0, 0, 0
99, 1, 1, 1, 1
100, 1, 0, 0, 0
101, 0, 1, 1, 1
102, 0, 0, 0, 0
103, 0, 0, 0, 1
104, 1, 0, 0, 1
105, 0, 0, 0, 0
106, 0, 0, 0, 0
107, 0, 0, 0, 0
108, 1, 0, 0, 1
109, 0, 1, 1, 1
110, 0, 0, 0, 0
111, 0, 0, 0, 0
112, 1, 0, 0, 0
113, 0, 0, 0, 0
114, 0, 0, 1, 0
115, 1, 1, 0, 0
116, 0, 1, 1, 1
117, 0, 1, 1, 0
118, 1, 1, 1, 1
119, 1, 0, 0, 1
120, 0, 0, 0, 0
121, 1, 1, 1, 1
122, 0, 0, 0, 0
123, 0, 0, 0, 0
124, 1, 0, 0, 1
125, 0, 0, 0, 0
126, 0, 0, 0, 0
127, 0, 0, 0, 0
128, 0, 0, 0, 0
129, 1, 0, 0, 0
130, 0, 1, 0, 1
131, 1, 0, 0, 0
132, 0, 0, 0, 0
133, 0, 0, 0, 1
134, 0, 0, 1, 1
135, 1, 0, 0, 0
136, 0, 0, 0, 1
137, 0, 0, 0, 0
138, 1, 1, 1, 0
139, 1, 0, 0, 0
140, 1, 0, 0, 0
141, 1, 0, 0, 0
142, 0, 0, 0, 0
143, 1, 1, 1, 0
144, 1, 1, 0, 1
145, 1, 0, 1, 1
146, 1, 0, 0, 0
147, 0, 1, 0, 1
148, 0, 0, 0, 1
149, 1, 1, 1, 0
150, 0, 0, 0, 1
151, 0, 1, 0, 1
152, 1, 0, 0, 1
153, 1, 0, 0, 0
154, 1, 0, 0, 1
155, 1, 0, 0, 0
156, 1, 0, 0, 1
157, 0, 0, 0, 0
158, 0, 1, 1, 1
159, 1, 0, 0, 1
160, 0, 0, 0, 1
161, 1, 1, 1, 0
162, 1, 0, 0, 0
163, 0, 0, 0, 0
164, 1, 0, 0, 1
165, 1, 1, 0, 0
166, 1, 0, 0, 0
167, 1, 0, 0, 0
168, 0, 0, 0, 0
169, 1, 1, 1, 0
170, 1, 0, 1, 1
171, 0, 0, 0, 0
172, 1, 0, 0, 0
173, 0, 0, 0, 1
174, 0, 0, 0, 0
175, 1, 0, 0, 0
176, 1, 0, 0, 0
177, 1, 0, 0, 0
178, 0, 0, 0, 0
179, 0, 0, 0, 0
180, 1, 0, 1, 1
181, 1, 0, 0, 1
182, 0, 0, 0, 0
183, 1, 0, 0, 1
184, 0, 0, 0, 1
185, 1, 0, 0, 1
186, 1, 0, 0, 1
187, 0, 1, 0, 0
188, 0, 0, 0, 0
189, 0, 0, 0, 0
190, 0, 1, 0, 1
191, 1, 0, 0, 1
192, 0, 0, 0, 1
193, 1, 0, 0, 0
194, 1, 1, 0, 1
195, 0, 0, 1, 0
196, 1, 0, 0, 1
197, 0, 0, 0, 0
198, 1, 0, 0, 1
199, 0, 0, 0, 0
200, 0, 0, 0, 0
201, 0, 0, 0, 0
202, 1, 0, 0, 0
203, 1, 1, 0, 1
204, 1, 0, 0, 0
205, 0, 0, 0, 0
206, 1, 0, 0, 0
207, 0, 0, 0, 1
208, 0, 0, 0, 1
209, 0, 1, 1, 1
210, 1, 0, 0, 0
211, 1, 0, 0, 1
212, 1, 0, 1, 0
213, 1, 0, 0, 1
214, 0, 0, 0, 1
215, 1, 1, 0, 1
216, 0, 1, 0, 1
217, 1, 0, 0, 0
218, 0, 0, 0, 0
219, 1, 1, 1, 1
220, 1, 1, 1, 0
221, 1, 0, 0, 1
222, 1, 1, 0, 0
223, 0, 0, 0, 1
224, 1, 0, 0, 0
225, 0, 1, 0, 0
226, 1, 0, 0, 0
227, 0, 0, 0, 0
228, 0, 1, 0, 0
229, 1, 0, 0, 0
230, 0, 0, 0, 0
231, 1, 0, 0, 0
232, 0, 0, 0, 0
233, 0, 1, 1, 0
234, 1, 0, 0, 1
235, 0, 0, 0, 1
236, 0, 0, 0, 1
237, 0, 0, 0, 0
238, 0, 0, 0, 1
239, 1, 0, 0, 0
240, 0, 0, 0, 1
241, 1, 1, 0, 1
242, 0, 0, 0, 1
243, 0, 0, 0, 0
244, 1, 0, 0, 1
245, 0, 0, 1, 0
246, 1, 0, 0, 0
247, 0, 0, 0, 0
248, 0, 0, 0, 0
249, 0, 1, 1, 1
250, 1, 0, 0, 1
251, 1, 1, 1, 1
252, 0, 0, 0, 0
253, 1, 1, 0, 1
254, 1, 0, 0, 1
255, 1, 0, 0, 0
256, 0, 0, 0, 0
257, 0, 0, 1, 0
258, 0, 0, 0, 1
259, 0, 0, 0, 0
260, 1, 1, 0, 1
261, 1, 0, 0, 0
262, 1, 1, 0, 1
263, 1, 0, 0, 1
264, 1, 1, 1, 1
265, 1, 0, 0, 0
266, 1, 0, 0, 0
267, 0, 0, 0, 0
268, 1, 0, 0, 1
269, 0, 0, 0, 0
270, 1, 1, 1, 0
271, 1, 0, 0, 0
272, 1, 0, 0, 0
273, 0, 0, 0, 0
274, 0, 1, 0, 0
275, 1, 1, 1, 0
276, 1, 1, 1, 0
277, 1, 0, 0, 0
278, 0, 0, 0, 0
279, 1, 1, 1, 1
280, 1, 0, 0, 0
281, 0, 0, 0, 0
282, 1, 0, 0, 0
283, 1, 1, 1, 1
284, 1, 0, 0, 1
285, 0, 0, 0, 1
286, 1, 0, 0, 1
287, 1, 0, 0, 0
288, 1, 0, 0, 1
289, 0, 0, 0, 1
290, 1, 0, 1, 1
291, 0, 0, 0, 1
292, 1, 0, 0, 0
293, 0, 0, 1, 1
294, 1, 0, 0, 0
295, 1, 1, 0, 1
296, 0, 0, 0, 0
297, 0, 0, 0, 0
298, 0, 0, 0, 1
299, 1, 1, 0, 1
300, 1, 0, 1, 0
301, 0, 0, 1, 0
302, 1, 0, 0, 0
303, 1, 0, 0, 1
304, 0, 0, 0, 1
305, 0, 0, 0, 0
306, 0, 0, 0, 0
307, 0, 0, 0, 1
308, 0, 0, 0, 1
309, 1, 0, 0, 1
310, 1, 1, 0, 1
311, 1, 1, 0, 0
312, 0, 0, 0, 1
313, 0, 0, 0, 0
314, 1, 0, 0, 1
315, 0, 0, 0, 0
316, 0, 0, 0, 0
317, 0, 0, 1, 0
318, 0, 0, 0, 0
319, 0, 0, 0, 0
320, 1, 1, 0, 1
321, 1, 0, 0, 0
322, 0, 0, 1, 0
323, 1, 1, 0, 0
324, 1, 0, 0, 0
325, 0, 0, 0, 0
326, 1, 1, 1, 1
327, 0, 1, 1, 0
328, 1, 0, 0, 0
329, 0, 0, 0, 0
330, 1, 0, 0, 1
331, 1, 0, 0, 0
332, 0, 0, 0, 1
333, 0, 1, 0, 0
334, 1, 1, 1, 1
335, 1, 0, 1, 0
336, 0, 0, 1, 0
337, 1, 0, 0, 0
338, 1, 0, 0, 0
339, 1, 0, 1, 0
340, 0, 0, 0, 0
341, 1, 0, 0, 1
342, 0, 0, 0, 0
343, 1, 0, 0, 0
344, 0, 0, 0, 0
345, 1, 0, 0, 0
346, 0, 1, 1, 1
347, 0, 0, 0, 0
348, 1, 0, 0, 0
349, 1, 0, 1, 0
350, 1, 1, 0, 1
351, 1, 0, 0, 0
352, 0, 0, 0, 0
353, 1, 1, 1, 1
354, 1, 1, 0, 0
355, 0, 0, 0, 1
356, 0, 1, 1, 1
357, 0, 0, 0, 1
358, 1, 0, 0, 0
359, 1, 0, 0, 0
360, 0, 0, 0, 0
361, 0, 1, 0, 0
362, 0, 0, 0, 0
363, 1, 0, 0, 1
364, 1, 0, 0, 0
365, 0, 0, 0, 1
366, 1, 0, 0, 1
367, 1, 1, 0, 1
368, 1, 0, 0, 0
369, 0, 0, 0, 0
370, 1, 1, 1, 1
371, 0, 0, 0, 0
372, 1, 0, 0, 1
373, 1, 1, 0, 1
374, 1, 1, 1, 0
375, 0, 0, 0, 1
376, 1, 0, 1, 0
377, 0, 1, 1, 0
378, 1, 0, 0, 1
379, 1, 0, 0, 1
380, 1, 0, 0, 0
381, 1, 0, 0, 0
382, 1, 0, 0, 0
383, 1, 0, 0, 0
384, 0, 1, 0, 1
385, 0, 0, 0, 0
386, 1, 0, 0, 0
387, 1, 0, 1, 0
388, 0, 0, 0, 1
389, 0, 0, 0, 1
390, 0, 0, 0, 0
391, 1, 1, 0, 1
392, 0, 0, 0, 1
393, 0, 0, 1, 1
394, 0, 0, 0, 1
395, 0, 0, 0, 0
396, 1, 0, 0, 1
397, 0, 1, 1, 0
398, 0, 1, 1, 0
399, 1, 0, 0, 1
400, 0, 1, 0, 1
401, 1, 0, 1, 1
402, 1, 0, 0, 1
403, 0, 0, 0, 0
404, 1, 0, 0, 0
405, 1, 0, 0, 1
406, 1, 0, 0, 1
407, 0, 1, 1, 0
408, 0, 0, 0, 0
409, 1, 1, 0, 1
410, 0, 0, 0, 0
411, 1, 1, 0, 0
412, 0, 0, 0, 1
413, 0, 0, 0, 0
414, 0, 0, 0, 0
415, 1, 1, 1, 1
416, 1, 1, 1, 0
417, 0, 0, 0, 0
418, 1, 0, 0, 0
419, 0, 0, 0, 1
420, 1, 0, 0, 1
421, 1, 0, 1, 1
422, 1, 0, 0, 0
423, 1, 0, 1, 1
424, 0, 0, 0, 1
425, 0, 0, 0, 1
426, 0, 0, 0, 0
427, 1, 0, 0, 1
428, 0, 0, 0, 0
429, 1, 1, 0, 0
430, 0, 0, 0, 0
431, 1, 0, 0, 1
432, 0, 0, 1, 0
433, 0, 1, 1, 1
434, 0, 0, 0, 0
435, 0, 0, 0, 0
436, 0, 0, 0, 0
437, 1, 0, 0, 0
438, 0, 0, 0, 1
439, 1, 0, 0, 0
440, 0, 0, 0, 0
441, 1, 0, 0, 1
442, 1, 0, 1, 1
443, 1, 0, 1, 0
444, 1, 0, 1, 1
445, 1, 0, 0, 0
446, 0, 0, 0, 1
447, 1, 0, 0, 1
448, 0, 0, 0, 0
449, 0, 0, 1, 1
450, 1, 0, 0, 1
451, 1, 0, 0, 0
452, 1, 0, 0, 1
453, 1, 1, 1, 1
454, 0, 0, 0, 1
455, 0, 0, 1, 1
456, 1, 1, 0, 1
457, 1, 0, 0, 0
458, 1, 0, 0, 0
459, 1, 0, 0, 1
460, 0, 0, 0, 1
461, 0, 0, 0, 0
462, 1, 0, 0, 0
463, 1, 1, 1, 0
464, 1, 0, 0, 0
465, 0, 0, 0, 0
466, 0, 0, 1, 0
467, 0, 0, 0, 0
468, 1, 0, 0, 0
469, 0, 1, 0, 1
470, 1, 0, 0, 0
471, 0, 0, 0, 0
472, 1, 0, 0, 0
473, 1, 1, 1, 1
474, 1, 1, 1, 1
475, 1, 1, 0, 1
476, 0, 0, 0, 0
477, 0, 0, 0, 0
478, 0, 0, 0, 0
479, 1, 1, 0, 0
480, 0, 0, 0, 0
481, 0, 0, 0, 1
482, 0, 1, 1, 0
483, 1, 0, 0, 0
484, 1, 0, 0, 0
485, 1, 1, 0, 0
486, 0, 0, 0, 1
487, 0, 0, 0, 1
488, 0, 0, 0, 0
489, 1, 1, 0, 1
490, 1, 0, 0, 0
491, 0, 0, 0, 0
492, 1, 0, 0, 1
493, 1, 0, 0, 0
494, 1, 0, 0, 0
495, 1, 0, 1, 1
496, 1, 1, 0, 1
497, 0, 0, 0, 0
498, 1, 0, 0, 0
499, 1, 0, 0, 0
500, 0, 0, 1, 0
501, 1, 0, 1, 0
502, 1, 0, 0, 0
503, 1, 0, 1, 1
504, 1, 0, 0, 1
505, 0, 0, 0, 0
506, 0, 0, 0, 0
507, 1, 1, 1, 0
508, 1, 1, 1, 0
509, 1, 1, 0, 0
510, 1, 0, 0, 1
511, 1, 0, 0, 0
512, 1, 1, 1, 1
513, 1, 1, 0, 0
514, 0, 0, 0, 1
515, 1, 0, 1, 1
516, 1, 0, 0, 0
517, 0, 0, 0, 0
518, 1, 0, 0, 1
519, 0, 1, 0, 0
520, 0, 0, 0, 1
521, 0, 0, 0, 1
522, 1, 1, 1, 0
523, 0, 0, 0, 0
524, 0, 0, 0, 0
525, 1, 0, 0, 1
526, 0, 0, 0, 0
527, 1, 0, 0, 0
528, 1, 0, 0, 0
529, 0, 0, 0, 1
530, 0, 0, 1, 0
531, 0, 0, 0, 1
532, 1, 0, 0, 0
533, 1, 0, 0, 0
534, 0, 0, 0, 0
535, 1, 0, 0, 0
536, 0, 0, 0, 0
537, 1, 0, 0, 0
538, 1, 0, 0, 0
539, 1, 0, 0, 0
540, 1, 0, 0, 0
541, 1, 0, 0, 1
542, 1, 0, 0, 0
543, 0, 0, 0, 0
544, 1, 0, 0, 1
545, 1, 1, 0, 0
546, 1, 1, 1, 1
547, 0, 0, 0, 0
548, 0, 0, 0, 0
549, 1, 0, 0, 1
550, 1, 0, 0, 0
551, 0, 0, 0, 0
552, 1, 1, 1, 0
553, 1, 1, 1, 1
554, 0, 0, 0, 0
555, 0, 0, 1, 0
556, 1, 0, 0, 0
557, 1, 0, 0, 0
558, 1, 1, 0, 1
559, 0, 0, 1, 0
560, 1, 1, 1, 1
561, 1, 0, 0, 0
562, 0, 0, 0, 0
563, 0, 0, 0, 0
564, 1, 0, 0, 1
565, 0, 0, 0, 0
566, 0, 1, 0, 0
567, 1, 0, 0, 1
568, 0, 0, 0, 0
569, 1, 0, 0, 0
570, 0, 0, 0, 0
571, 1, 1, 0, 1
572, 0, 0, 0, 0
573, 1, 0, 0, 1
574, 1, 0, 1, 0
575, 1, 0, 0, 0
576, 1, 1, 0, 0
577, 1, 0, 0, 1
578, 1, 0, 0, 0
579, 0, 0, 0, 0
580, 0, 0, 0, 1
581, 1, 0, 1, 0
582, 0, 0, 1, 1
583, 1, 0, 1, 1
584, 0, 0, 1, 0
585, 1, 0, 0, 0
586, 0, 1, 0, 0
587, 1, 0, 1, 1
588, 1, 0, 0, 0
589, 0, 0, 0, 0
590, 0, 0, 0, 0
591, 0, 0, 0, 1
592, 1, 0, 0, 1
593, 1, 0, 0, 0
594, 1, 1, 0, 1
595, 0, 1, 0, 0
596, 1, 0, 0, 0
597, 0, 0, 0, 0
598, 1, 1, 1, 1
599, 0, 0, 0, 0
600, 1, 0, 0, 0
601, 1, 0, 1, 0
602, 1, 1, 0, 0
603, 0, 0, 0, 0
604, 1, 0, 1, 1
605, 0, 0, 0, 0
606, 1, 0, 0, 1
607, 0, 0, 0, 1
608, 1, 0, 0, 1
609, 1, 0, 0, 0
610, 1, 0, 0, 0
611, 0, 0, 0, 0
612, 0, 0, 0, 0
613, 1, 0, 0, 1
614, 0, 0, 0, 0
615, 1, 0, 0, 1
616, 1, 0, 0, 0
617, 1, 1, 1, 1
618, 0, 0, 0, 0
619, 0, 1, 1, 1
620, 0, 0, 0, 0
621, 1, 0, 0, 0
622, 1, 0, 0, 1
623, 1, 1, 0, 0
624, 1, 0, 0, 1
625, 0, 0, 0, 0
626, 1, 0, 0, 0
627, 1, 0, 0, 1
628, 0, 0, 1, 0
629, 0, 1, 0, 1
630, 0, 0, 0, 0
631, 0, 0, 0, 0
632, 0, 0, 0, 0
633, 0, 0, 0, 1
634, 0, 0, 0, 0
635, 1, 0, 0, 1
636, 1, 0, 1, 1
637, 0, 0, 0, 0
638, 0, 0, 0, 1
639, 1, 1, 1, 1
640, 1, 0, 0, 0
641, 0, 1, 0, 1
642, 1, 0, 0, 0
643, 1, 0, 0, 1
644, 0, 0, 0, 1
645, 1, 0, 0, 1
646, 1, 0, 0, 0
647, 1, 0, 0, 1
648, 0, 0, 0, 1
649, 1, 0, 0, 1
650, 0, 0, 0, 0
651, 0, 1, 1, 1
652, 1, 0, 0, 0
653, 1, 1, 1, 1
654, 0, 0, 0, 0
655, 1, 1, 0, 0
656, 0, 0, 0, 0
657, 0, 0, 0, 0
658, 0, 0, 0, 0
659, 0, 0, 0, 0
660, 0, 0, 0, 0
661, 1, 0, 0, 1
662, 0, 0, 0, 0
663, 0, 1, 0, 0
664, 1, 0, 1, 1
665, 0, 0, 0, 1
666, 0, 0, 0, 1
667, 0, 0, 0, 0
668, 1, 1, 1, 1
669, 1, 1, 0, 1
670, 0, 0, 0, 0
671, 0, 0, 0, 0
672, 1, 0, 0, 1
673, 1, 1, 0, 0
674, 1, 0, 0, 1
675, 0, 0, 0, 0
676, 1, 1, 1, 0
677, 1, 0, 0, 1
678, 0, 0, 0, 0
679, 1, 0, 0, 0
680, 0, 0, 0, 1
681, 1, 1, 1, 0
682, 0, 0, 0, 0
683, 0, 0, 0, 0
684, 0, 0, 1, 0
685, 1, 0, 0, 1
686, 0, 0, 0, 1
687, 1, 0, 0, 1
688, 1, 0, 0, 1
689, 1, 0, 0, 1
690, 1, 1, 0, 0
691, 0, 0, 0, 0
692, 0, 0, 0, 0
693, 1, 0, 1, 1
694, 0, 0, 0, 1
695, 0, 1, 0, 0
696, 1, 1, 1, 1
697, 1, 0, 1, 0
698, 0, 1, 1, 1
699, 0, 0, 0, 0
700, 0, 0, 0, 0
701, 1, 0, 0, 1
702, 1, 1, 0, 1
703, 0, 0, 1, 1
704, 0, 0, 0, 0
705, 0, 0, 0, 0
706, 0, 0, 0, 0
707, 1, 0, 0, 1
708, 0, 0, 1, 0
709, 0, 0, 0, 0
710, 1, 0, 1, 1
711, 0, 0, 0, 0
712, 0, 0, 0, 0
713, 1, 1, 0, 1
714, 1, 0, 0, 1
715, 1, 1, 0, 1
716, 1, 0, 0, 1
717, 0, 0, 1, 0
718, 1, 0, 0, 1
719, 1, 0, 1, 0
720, 0, 1, 0, 0
721, 1, 0, 0, 1
722, 1, 0, 0, 0
723, 1, 0, 0, 1
724, 0, 0, 0, 0
725, 1, 0, 0, 1
726, 0, 0, 0, 0
727, 0, 0, 0, 0
728, 1, 1, 0, 1
729, 0, 1, 0, 1
730, 0, 0, 0, 0
731, 1, 1, 0, 0
732, 0, 0, 0, 0
733, 0, 1, 1, 1
734, 1, 0, 1, 1
735, 0, 1, 1, 1
736, 1, 0, 0, 1
737, 0, 0, 0, 0
738, 1, 0, 1, 0
739, 1, 0, 0, 0
740, 0, 0, 0, 0
741, 1, 0, 1, 1
742, 1, 0, 0, 1
743, 0, 0, 0, 0
744, 1, 1, 1, 1
745, 1, 0, 0, 0
746, 1, 0, 1, 0
747, 0, 0, 0, 1
748, 1, 1, 1, 0
749, 0, 0, 0, 0
750, 1, 0, 0, 0
751, 1, 1, 0, 1
752, 1, 0, 0, 0
753, 1, 0, 0, 1
754, 0, 0, 0, 1
755, 1, 0, 0, 1
756, 1, 1, 0, 1
757, 1, 0, 1, 0
758, 0, 0, 0, 0
759, 0, 0, 0, 0
760, 1, 1, 1, 0
761, 0, 0, 0, 0
762, 0, 0, 0, 0
763, 1, 1, 1, 1
764, 0, 0, 0, 0
765, 0, 0, 0, 0
766, 1, 0, 0, 0
767, 1, 0, 0, 1
768, 1, 0, 0, 0
769, 0, 0, 0, 0
770, 1, 1, 1, 0
771, 0, 0, 1, 1
772, 0, 0, 0, 0
773, 0, 0, 0, 0
774, 1, 1, 1, 0
775, 0, 0, 0, 0
776, 0, 0, 0, 0
777, 0, 1, 1, 0
778, 1, 1, 0, 1
779, 1, 0, 0, 1
780, 1, 0, 0, 1
781, 1, 0, 0, 0
782, 0, 0, 0, 0
783, 0, 0, 1, 0
784, 1, 1, 1, 1
785, 1, 0, 0, 1
786, 0, 0, 0, 0
787, 0, 0, 0, 0
788, 0, 0, 0, 0
789, 0, 0, 0, 1
790, 0, 0, 0, 0
791, 0, 1, 0, 0
792, 1, 0, 0, 1
793, 1, 0, 0, 0
794, 0, 1, 0, 0
795, 0, 0, 0, 0
796, 1, 0, 0, 1
797, 0, 0, 0, 0
798, 0, 0, 0, 1
799, 0, 0, 0, 0
800, 0, 0, 0, 0
801, 1, 0, 1, 1
802, 1, 0, 0, 1
803, 1, 0, 0, 0
804, 0, 1, 0, 0
805, 1, 0, 0, 0
806, 1, 0, 0, 1
807, 0, 0, 1, 1
808, 0, 0, 0, 0
809, 1, 0, 0, 0
810, 1, 0, 0, 0
811, 1, 1, 1, 1
812, 1, 1, 0, 1
813, 1, 0, 0, 1
814, 1, 1, 1, 1
815, 0, 1, 0, 0
816, 1, 0, 0, 1
817, 1, 0, 0, 0
818, 1, 0, 0, 0
819, 0, 0, 0, 0
820, 0, 0, 0, 0
821, 0, 1, 0, 0
822, 0, 1, 0, 1
823, 1, 0, 0, 1
824, 1, 0, 0, 0
825, 0, 0, 1, 1
826, 1, 0, 0, 1
827, 0, 0, 0, 1
828, 1, 0, 0, 0
829, 1, 0, 1, 1
830, 0, 0, 0, 0
831, 1, 0, 1, 0
832, 1, 0, 0, 0
833, 0, 0, 0, 0
834, 0, 0, 0, 0
835, 1, 0, 0, 1
836, 1, 0, 0, 0
837, 1, 1, 1, 1
838, 0, 0, 0, 1
839, 1, 1, 1, 0
840, 1, 0, 0, 1
841, 1, 0, 0, 1
842, 1, 1, 1, 1
843, 0, 0, 0, 0
844, 0, 0, 0, 0
845, 1, 0, 0, 0
846, 1, 0, 0, 1
847, 0, 0, 0, 0
848, 0, 0, 0, 0
849, 0, 1, 0, 0
850, 1, 0, 0, 0
851, 1, 0, 1, 1
852, 1, 0, 0, 1
853, 1, 0, 1, 0
854, 1, 0, 0, 0
855, 0, 0, 0, 0
856, 1, 0, 0, 0
857, 1, 0, 0, 0
858, 1, 1, 0, 1
859, 1, 1, 1, 1
860, 0, 0, 0, 0
861, 0, 1, 1, 0
862, 1, 0, 0, 1
863, 1, 0, 0, 1
864, 1, 1, 0, 1
865, 0, 0, 0, 0
866, 1, 0, 0, 1
867, 0, 0, 0, 0
868, 1, 0, 1, 1
869, 1, 0, 0, 1
870, 1, 1, 0, 0
871, 0, 0, 0, 1
872, 0, 0, 0, 1
873, 0, 0, 0, 0
874, 1, 1, 1, 1
875, 1, 0, 0, 0
876, 1, 0, 0, 1
877, 1, 0, 0, 1
878, 1, 0, 0, 0
879, 1, 1, 0, 0
880, 0, 0, 0, 1
881, 1, 0, 0, 0
882, 1, 0, 1, 0
883, 1, 0, 0, 0
884, 1, 0, 0, 0
885, 1, 0, 0, 1
886, 0, 1, 0, 1
887, 1, 0, 0, 1
888, 1, 0, 1, 1
889, 0, 0, 0, 0
890, 1, 0, 1, 1
891, 0, 1, 0, 0
892, 1, 0, 0, 0
893, 1, 0, 0, 0
894, 0, 0, 0, 1
895, 1, 1, 0, 0
896, 0, 0, 0, 0
897, 1, 0, 0, 0
898, 0, 0, 0, 1
899, 0, 0, 0, 0
900, 1, 0, 0, 0
901, 1, 0, 0, 0
902, 1, 0, 0, 0
903, 0, 0, 0, 0
904, 0, 0, 0, 0
905, 1, 1, 0, 1
906, 1, 0, 1, 0
907, 1, 0, 0, 0
908, 0, 0, 1, 0
909, 1, 0, 0, 1
910, 1, 0, 0, 0
911, 1, 0, 0, 0
912, 1, 0, 0, 0
913, 1, 0, 0, 0
914, 1, 1, 0, 1
915, 1, 0, 0, 0
916, 1, 0, 0, 0
917, 0, 0, 0, 0
918, 1, 0, 0, 0
919, 0, 0, 0, 0
920, 0, 0, 0, 0
921, 1, 0, 1, 0
922, 0, 0, 0, 1
923, 0, 0, 0, 1
924, 0, 0, 0, 0
925, 1, 1, 1, 0
926, 0, 0, 0, 1
927, 0, 0, 0, 0
928, 0, 0, 0, 0
929, 1, 1, 1, 1
930, 0, 0, 0, 0
931, 1, 0, 1, 1
932, 1, 1, 0, 1
933, 1, 1, 1, 0
934, 0, 1, 1, 1
935, 1, 0, 0, 1
936, 1, 0, 1, 1
937, 0, 0, 1, 0
938, 0, 0, 0, 0
939, 1, 0, 0, 0
940, 0, 0, 0, 0
941, 1, 0, 0, 0
942, 1, 0, 0, 1
943, 0, 0, 0, 0
944, 0, 0, 0, 0
945, 0, 1, 0, 1
946, 1, 1, 1, 0
947, 0, 1, 1, 1
948, 1, 0, 0, 0
949, 1, 0, 0, 1
950, 1, 0, 0, 0
951, 1, 0, 0, 1
952, 1, 0, 0, 0
953, 0, 0, 0, 0
954, 0, 0, 0, 1
955, 0, 1, 1, 0
956, 1, 0, 0, 1
957, 1, 0, 0, 0
958, 1, 0, 0, 0
959, 1, 0, 0, 1
960, 1, 0, 0, 0
961, 1, 0, 1, 0
962, 1, 0, 1, 1
963, 0, 0, 0, 0
964, 0, 0, 0, 0
965, 0, 0, 0, 1
966, 1, 1, 1, 0
967, 1, 0, 0, 0
968, 0, 1, 0, 0
969, 0, 1, 1, 0
970, 1, 0, 0, 1
971, 0, 0, 0, 0
972, 0, 0, 0, 0
973, 1, 0, 0, 0
974, 1, 0, 0, 0
975, 0, 0, 0, 0
976, 0, 0, 0, 0
977, 0, 1, 0, 0
978, 1, 1, 1, 1
979, 0, 0, 1, 0
980, 0, 1, 0, 0
981, 1, 0, 0, 1
982, 0, 0, 0, 1
983, 0, 0, 0, 1
984, 0, 0, 0, 0
985, 0, 0, 0, 1
986, 0, 1, 1, 0
987, 1, 0, 1, 1
988, 0, 0, 0, 0
989, 0, 0, 0, 0
990, 1, 0, 0, 0
991, 0, 0, 0, 0
992, 0, 0, 0, 0
993, 0, 1, 1, 0
994, 0, 0, 0, 0
995, 1, 1, 0, 0
996, 0, 1, 1, 0
997, 1, 0, 0, 0
998, 1, 0, 0, 0
999, 0, 1, 1, 0
1000, 0, 0, 1, 1
1001, 0, 0, 0, 0
1002, 0, 1, 1, 1
1003, 0, 0, 0, 0
1004, 1, 0, 0, 0
1005, 1, 0, 0, 1
1006, 1, 1, 1, 0
1007, 1, 1, 0, 1
1008, 0, 0, 1, 1
1009, 0, 0, 0, 0
1010, 0, 1, 0, 0
1011, 1, 0, 0, 0
1012, 1, 1, 1, 0
1013, 1, 0, 0, 0
1014, 1, 0, 0, 0
1015, 0, 0, 0, 1
1016, 1, 0, 0, 1
1017, 0, 1, 0, 0
1018, 0, 0, 0, 0
1019, 1, 0, 0, 1
1020, 0, 0, 0, 0
1021, 1, 0, 0, 1
1022, 1, 0, 0, 1
1023, 1, 0, 0, 0
1024, 0, 0, 0, 0
1025, 1, 0, 0, 1
1026, 1, 0, 0, 1
1027, 1, 0, 0, 0
1028, 0, 0, 0, 1
1029, 1, 0, 0, 0
1030, 1, 0, 0, 0
1031, 0, 0, 0, 0
1032, 0, 0, 0, 1
1033, 1, 0, 0, 1
1034, 0, 1, 1, 0
1035, 0, 0, 0, 0
1036, 0, 0, 0, 0
1037, 0, 0, 0, 1
1038, 0, 1, 1, 1
1039, 1, 0, 1, 1
1040, 0, 0, 0, 0
1041, 0, 0, 0, 0
1042, 1, 0, 0, 1
1043, 0, 0, 0, 1
1044, 1, 0, 0, 0
1045, 0, 0, 0, 1
1046, 0, 0, 0, 0
1047, 1, 0, 1, 0
1048, 1, 0, 1, 1
1049, 0, 0, 0, 0
1050, 1, 0, 0, 0
1051, 1, 1, 1, 1
1052, 0, 0, 1, 1
1053, 0, 1, 1, 0
1054, 0, 0, 0, 0
1055, 1, 1, 0, 0
1056, 1, 0, 1, 1
1057, 1, 0, 0, 0
1058, 1, 0, 0, 1
1059, 0, 0, 0, 1
1060, 1, 0, 0, 0
1061, 1, 1, 1, 0
1062, 1, 0, 0, 0
1063, 1, 0, 0, 0
1064, 1, 0, 0, 0
1065, 1, 0, 0, 1
1066, 1, 0, 0, 1
1067, 0, 0, 0, 0
1068, 1, 0, 0, 0
1069, 0, 0, 0, 0
1070, 1, 1, 1, 0
1071, 0, 0, 0, 0
1072, 1, 0, 0, 0
1073, 0, 0, 0, 1
1074, 1, 1, 1, 1
1075, 0, 0, 0, 1
1076, 1, 0, 0, 0
1077, 0, 0, 0, 1
1078, 1, 0, 0, 0
1079, 0, 0, 0, 1
1080, 0, 0, 0, 0
1081, 0, 0, 0, 0
1082, 1, 1, 0, 0
1083, 0, 0, 0, 0
1084, 1, 0, 0, 0
1085, 0, 0, 0, 0
1086, 1, 0, 0, 1
1087, 0, 0, 1, 0
1088, 0, 0, 0, 0
1089, 1, 0, 0, 0
1090, 1, 0, 0, 0
1091, 1, 1, 0, 0
1092, 1, 0, 0, 0
1093, 0, 0, 0, 0
1094, 1, 0, 1, 0
1095, 0, 0, 0, 0
1096, 1, 1, 0, 1
1097, 0, 0, 0, 1
1098, 0, 0, 0, 0
1099, 0, 0, 0, 1
1100, 0, 0, 0, 0
1101, 0, 0, 0, 0
1102, 1, 0, 0, 1
1103, 0, 0, 0, 0
1104, 1, 0, 0, 1
1105, 1, 0, 0, 1
1106, 1, 0, 0, 0
1107, 0, 0, 1, 1
1108, 1, 0, 1, 1
1109, 1, 0, 0, 1
1110, 1, 0, 0, 1
1111, 1, 0, 0, 1
1112, 0, 0, 0, 0
1113, 1, 0, 0, 0
1114, 0, 0, 0, 1
1115, 1, 1, 1, 0
1116, 0, 0, 0, 0
1117, 1, 0, 0, 1
1118, 0, 0, 0, 0
1119, 1, 0, 0, 1
1120, 1, 0, 0, 0
1121, 0, 0, 0, 0
1122, 1, 0, 0, 0
1123, 1, 0, 0, 1
1124, 1, 0, 0, 1
1125, 1, 0, 0, 1
1126, 1, 0, 0, 0
1127, 1, 1, 0, 0
1128, 1, 1, 1, 1
1129, 0, 0, 1, 0
1130, 1, 1, 1, 1
1131, 0, 0, 0, 0
1132, 1, 1, 1, 1
1133, 0, 0, 0, 1
1134, 1, 0, 0, 0
1135, 0, 0, 0, 1
1136, 1, 0, 0, 0
1137, 0, 0, 0, 1
1138, 1, 0, 0, 0
1139, 1, 1, 0, 1
1140, 0, 0, 1, 0
1141, 1, 0, 1, 1
1142, 1, 0, 1, 1
1143, 0, 1, 0, 0
1144, 1, 1, 1, 1
1145, 1, 0, 0, 1
1146, 0, 0, 0, 1
1147, 1, 0, 1, 0
1148, 1, 0, 0, 0
1149, 1, 0, 0, 0
1150, 1, 1, 1, 1
1151, 0, 1, 0, 0
1152, 0, 0, 0, 1
1153, 1, 0, 0, 1
1154, 0, 0, 0, 1
1155, 1, 1, 1, 1
1156, 0, 0, 0, 0
1157, 1, 0, 0, 0
1158, 0, 0, 0, 0
1159, 1, 0, 0, 0
1160, 0, 0, 0, 0
1161, 1, 0, 1, 1
1162, 0, 0, 0, 1
1163, 1, 0, 0, 1
1164, 0, 0, 1, 0
1165, 1, 0, 0, 1
1166, 1, 0, 1, 0
1167, 0, 0, 0, 0
1168, 0, 1, 0, 0
1169, 1, 0, 0, 1
1170, 0, 0, 0, 0
1171, 0, 0, 0, 0
1172, 0, 0, 0, 0
1173, 1, 0, 0, 0
1174, 1, 0, 0, 0
1175, 0, 0, 0, 1
1176, 1, 0, 1, 0
1177, 1, 0, 0, 0
1178, 1, 0, 0, 1
1179, 1, 0, 0, 0
1180, 1, 0, 0, 1
1181, 1, 0, 0, 1
1182, 0, 0, 0, 0
1183, 0, 1, 0, 0
1184, 1, 0, 0, 0
1185, 1, 1, 1, 0
1186, 0, 0, 0, 1
1187, 0, 1, 0, 0
1188, 1, 0, 0, 1
1189, 1, 0, 1, 0
1190, 0, 1, 0, 1
1191, 1, 1, 0, 1
1192, 1, 0, 0, 1
1193, 1, 0, 1, 1
1194, 1, 0, 0, 1
1195, 1, 1, 1, 1
1196, 1, 0, 0, 1
1197, 1, 0, 0, 0
1198, 0, 1, 0, 1
1199, 1, 0, 0, 0
1200, 1, 0, 1, 0
1201, 1, 0, 0, 1
1202, 0, 0, 0, 0
1203, 0, 0, 0, 1
1204, 1, 1, 1, 1
1205, 1, 1, 0, 0
1206, 1, 0, 0, 0
1207, 0, 1, 1, 0
1208, 1, 0, 0, 1
1209, 0, 0, 0, 0
1210, 0, 0, 0, 0
1211, 1, 0, 1, 0
1212, 0, 0, 0, 0
1213, 1, 0, 0, 0
1214, 1, 1, 0, 1
1215, 1, 0, 0, 0
1216, 1, 0, 0, 0
1217, 0, 0, 1, 0
1218, 0, 0, 0, 1
1219, 0, 0, 0, 0
1220, 0, 1, 1, 0
1221, 0, 1, 1, 1
1222, 1, 0, 0, 0
1223, 1, 0, 0, 1
1224, 1, 0, 0, 1
1225, 0, 0, 1, 1
1226, 0, 0, 0, 1
1227, 1, 1, 0, 1
1228, 0, 0, 0, 0
1229, 0, 0, 0, 0
1230, 1, 0, 0, 1
1231, 1, 1, 1, 1
1232, 0, 1, 1, 1
1233, 1, 0, 0, 0
1234, 1, 0, 0, 0
1235, 1, 0, 1, 1
1236, 0, 0, 0, 1
1237, 0, 1, 0, 0
1238, 0, 0, 0, 0
1239, 0, 0, 0, 0
1240, 0, 0, 0, 1
1241, 1, 1, 1, 1
1242, 0, 1, 0, 0
1243, 1, 1, 1, 1
1244, 1, 0, 1, 0
1245, 0, 0, 0, 0
1246, 1, 0, 1, 0
1247, 0, 0, 0, 0
1248, 1, 0, 1, 0
1249, 0, 1, 0, 0
1250, 1, 0, 0, 0
1251, 0, 0, 0, 0
1252, 0, 0, 0, 0
1253, 0, 0, 0, 0
1254, 1, 0, 1, 1
1255, 1, 0, 0, 1
1256, 1, 0, 0, 0
1257, 0, 0, 0, 0
1258, 1, 1, 0, 0
1259, 1, 0, 0, 1
1260, 1, 0, 0, 1
1261, 0, 1, 0, 0
1262, 1, 0, 0, 0
1263, 0, 1, 0, 1
1264, 0, 0, 0, 0
1265, 1, 0, 0, 1
1266, 1, 1, 0, 1
1267, 0, 0, 0, 0
1268, 0, 0, 0, 1
1269, 1, 1, 0, 1
1270, 0, 0, 0, 0
1271, 0, 0, 0, 0
1272, 0, 0, 0, 0
1273, 0, 0, 0, 1
1274, 0, 0, 0, 0
1275, 1, 0, 1, 0
1276, 1, 0, 0, 0
1277, 1, 0, 0, 1
1278, 1, 0, 1, 1
1279, 0, 0, 0, 0
1280, 1, 0, 0, 0
1281, 0, 0, 0, 0
1282, 0, 0, 0, 0
1283, 1, 1, 1, 1
1284, 0, 0, 0, 1
1285, 0, 0, 0, 0
1286, 1, 0, 0, 0
1287, 0, 0, 0, 0
1288, 0, 0, 0, 0
1289, 1, 0, 0, 1
1290, 1, 0, 0, 1
1291, 0, 0, 0, 0
1292, 1, 0, 0, 0
1293, 0, 0, 0, 0
1294, 1, 0, 1, 1
1295, 0, 0, 0, 0
1296, 1, 0, 0, 0
1297, 0, 0, 0, 0
1298, 0, 0, 0, 0
1299, 1, 0, 0, 1
1300, 1, 0, 0, 0
1301, 1, 0, 0, 0
1302, 1, 0, 0, 1
1303, 0, 0, 0, 1
1304, 1, 0, 0, 1
1305, 0, 0, 0, 0
1306, 1, 1, 0, 0
1307, 1, 1, 0, 0
1308, 0, 0, 0, 0
1309, 0, 1, 0, 1
1310, 1, 0, 1, 0
1311, 1, 0, 0, 1
1312, 0, 0, 0, 1
1313, 0, 0, 0, 1
1314, 1, 0, 1, 1
1315, 0, 1, 1, 0
1316, 0, 0, 0, 0
1317, 1, 0, 0, 0
1318, 0, 0, 0, 0
1319, 1, 1, 0, 0
1320, 1, 0, 1, 0
1321, 1, 0, 0, 0
1322, 0, 0, 0, 0
1323, 0, 0, 0, 0
1324, 1, 1, 0, 1
1325, 0, 0, 0, 0
1326, 1, 1, 1, 1
1327, 1, 0, 0, 1
1328, 1, 0, 0, 0
1329, 0, 0, 0, 1
1330, 1, 1, 1, 1
1331, 1, 1, 0, 1
1332, 1, 0, 0, 1
1333, 1, 1, 0, 1
1334, 0, 0, 0, 1
1335, 1, 0, 0, 1
1336, 0, 0, 0, 0
1337, 1, 0, 0, 1
1338, 0, 1, 0, 0
1339, 1, 0, 0, 0
1340, 0, 0, 0, 0
1341, 1, 1, 0, 1
1342, 0, 0, 0, 0
1343, 1, 0, 0, 1
1344, 0, 0, 0, 1
1345, 0, 0, 0, 0
1346, 1, 0, 0, 1
1347, 0, 0, 0, 0
1348, 0, 0, 0, 0
1349, 1, 0, 0, 0
1350, 1, 0, 0, 1
1351, 1, 1, 0, 0
1352, 0, 0, 0, 1
1353, 1, 1, 1, 1
1354, 1, 0, 0, 0
1355, 0, 1, 1, 1
1356, 0, 1, 0, 1
1357, 1, 1, 1, 1
1358, 1, 1, 1, 0
1359, 1, 0, 0, 0
1360, 1, 0, 0, 0
1361, 0, 0, 0, 0
1362, 0, 0, 0, 0
1363, 0, 0, 0, 0
1364, 0, 0, 0, 0
1365, 0, 0, 0, 1
1366, 1, 1, 0, 1
1367, 0, 1, 1, 0
1368, 1, 0, 0, 1
1369, 1, 0, 0, 0
1370, 1, 0, 0, 1
1371, 1, 0, 0, 1
1372, 0, 0, 0, 1
1373, 1, 0, 0, 1
1374, 1, 0, 0, 1
1375, 0, 0, 0, 0
1376, 0, 0, 0, 1
1377, 0, 0, 1, 1
1378, 1, 0, 1, 0
1379, 0, 0, 0, 0
1380, 0, 0, 0, 0
1381, 0, 0, 0, 1
1382, 1, 0, 0, 0
1383, 0, 0, 0, 1
1384, 1, 0, 0, 1
1385, 1, 0, 0, 0
1386, 0, 0, 0, 0
1387, 0, 0, 1, 1
1388, 1, 0, 0, 0
1389, 0, 0, 0, 0
1390, 0, 0, 0, 0
1391, 0, 0, 0, 1
1392, 0, 0, 0, 0
1393, 1, 0, 0, 1
1394, 0, 1, 0, 0
1395, 0, 0, 0, 1
1396, 0, 0, 0, 1
1397, 1, 0, 0, 1
1398, 0, 0, 0, 0
1399, 1, 0, 0, 0
1400, 0, 0, 0, 0
1401, 1, 0, 0, 0
1402, 0, 0, 0, 1
1403, 1, 0, 1, 0
1404, 1, 0, 0, 1
1405, 0, 0, 0, 0
1406, 0, 0, 0, 0
1407, 1, 1, 1, 1
1408, 0, 0, 0, 1
1409, 1, 0, 0, 0
1410, 0, 0, 0, 1
1411, 0, 0, 0, 1
1412, 1, 0, 0, 1
1413, 1, 0, 0, 0
1414, 0, 0, 0, 1
1415, 0, 1, 0, 0
1416, 1, 0, 0, 0
1417, 1, 0, 1, 0
1418, 0, 1, 1, 1
1419, 1, 0, 0, 0
1420, 0, 0, 0, 0
1421, 1, 0, 1, 1
1422, 1, 1, 0, 0
1423, 1, 1, 0, 1
1424, 1, 0, 0, 1
1425, 1, 0, 0, 0
1426, 0, 0, 0, 0
1427, 0, 0, 0, 0
1428, 0, 0, 0, 1
1429, 0, 0, 1, 1
1430, 0, 0, 1, 1
1431, 0, 0, 0, 0
1432, 1, 0, 0, 1
1433, 1, 0, 0, 0
1434, 0, 1, 0, 1
1435, 0, 0, 0, 0
1436, 1, 0, 1, 1
1437, 1, 1, 1, 1
1438, 1, 0, 0, 1
1439, 0, 0, 0, 0
1440, 0, 1, 0, 0
1441, 0, 0, 0, 0
1442, 0, 1, 0, 0
1443, 0, 0, 0, 1
1444, 1, 0, 0, 1
1445, 1, 0, 0, 1
1446, 1, 1, 1, 0
1447, 1, 0, 0, 0
1448, 1, 0, 0, 0
1449, 0, 0, 0, 1
1450, 0, 0, 0, 0
1451, 1, 0, 0, 1
1452, 1, 0, 0, 0
1453, 1, 1, 1, 1
1454, 1, 1, 1, 0
1455, 1, 0, 0, 0
1456, 0, 0, 0, 1
1457, 1, 0, 0, 0
1458, 1, 0, 0, 1
1459, 1, 0, 0, 0
1460, 1, 1, 0, 1
1461, 0, 0, 0, 1
1462, 0, 1, 1, 1
1463, 1, 1, 1, 0
1464, 1, 0, 1, 0
1465, 1, 1, 1, 1
1466, 1, 0, 0, 0
1467, 0, 0, 0, 1
1468, 1, 0, 0, 0
1469, 1, 0, 0, 0
1470, 0, 0, 0, 0
1471, 1, 0, 0, 1
1472, 1, 0, 0, 0
1473, 1, 1, 0, 0
1474, 0, 1, 1, 0
1475, 1, 0, 0, 0
1476, 0, 0, 0, 0
1477, 1, 1, 1, 1
1478, 1, 0, 0, 0
1479, 0, 0, 0, 0
1480, 1, 0, 0, 1
1481, 0, 0, 0, 1
1482, 1, 0, 0, 1
1483, 0, 1, 0, 0
1484, 1, 0, 0, 0
1485, 0, 0, 0, 0
1486, 1, 1, 0, 1
1487, 1, 0, 0, 1
1488, 1, 1, 1, 0
1489, 0, 0, 1, 1
1490, 1, 1, 1, 1
1491, 0, 0, 0, 0
1492, 0, 0, 0, 1
1493, 1, 0, 0, 1
1494, 1, 0, 0, 1
1495, 1, 0, 0, 1
1496, 1, 0, 0, 1
1497, 1, 0, 0, 1
1498, 0, 0, 0, 0
1499, 0, 0, 0, 0
1500, 1, 0, 1, 1
1501, 0, 0, 0, 0
1502, 0, 0, 0, 0
1503, 0, 0, 0, 0
1504, 1, 0, 0, 1
1505, 0, 0, 1, 1
1506, 1, 0, 0, 0
1507, 1, 0, 0, 1
1508, 0, 0, 0, 0
1509, 0, 0, 0, 0
1510, 0, 0, 0, 0
1511, 1, 0, 0, 0
1512, 1, 0, 0, 1
1513, 0, 0, 0, 1
1514, 0, 0, 0, 1
1515, 0, 0, 0, 0
1516, 1, 1, 0, 1
1517, 0, 0, 0, 0
1518, 0, 1, 0, 0
1519, 1, 0, 0, 1
1520, 1, 0, 0, 1
1521, 0, 0, 0, 1
1522, 1, 0, 0, 1
1523, 1, 0, 0, 0
1524, 1, 0, 0, 1
1525, 1, 0, 0, 0
1526, 1, 1, 0, 1
1527, 1, 1, 1, 1
1528, 0, 0, 0, 1
1529, 1, 0, 0, 0
1530, 1, 0, 0, 0
1531, 0, 0, 0, 0
1532, 0, 0, 1, 1
1533, 1, 0, 1, 0
1534, 0, 0, 0, 0
1535, 0, 0, 0, 0
1536, 1, 0, 0, 1
1537, 1, 0, 0, 0
1538, 1, 0, 0, 0
1539, 1, 0, 0, 0
1540, 1, 1, 1, 1
1541, 1, 0, 0, 0
1542, 0, 0, 0, 0
1543, 1, 0, 0, 0
1544, 1, 0, 0, 0
1545, 1, 0, 0, 1
1546, 1, 0, 0, 0
1547, 0, 0, 0, 1
1548, 1, 0, 0, 0
1549, 1, 0, 0, 1
1550, 0, 0, 1, 0
1551, 1, 0, 0, 0
1552, 1, 0, 0, 1
1553, 1, 1, 1, 1
1554, 1, 0, 1, 1
1555, 0, 0, 0, 0
1556, 0, 0, 0, 1
1557, 0, 0, 0, 0
1558, 1, 0, 0, 0
1559, 1, 0, 0, 1
1560, 0, 0, 0, 0
1561, 0, 1, 0, 0
1562, 0, 0, 0, 0
1563, 0, 0, 1, 0
1564, 0, 1, 1, 1
1565, 1, 0, 0, 1
1566, 0, 0, 0, 1
1567, 1, 0, 0, 0
1568, 0, 0, 0, 0
1569, 0, 0, 0, 1
1570, 1, 0, 0, 1
1571, 1, 0, 1, 1
1572, 1, 0, 0, 1
1573, 1, 1, 1, 1
1574, 1, 0, 0, 0
1575, 0, 0, 0, 0
1576, 1, 0, 0, 0
1577, 0, 0, 0, 0
1578, 1, 0, 0, 0
1579, 0, 0, 0, 0
1580, 1, 1, 1, 1
1581, 0, 0, 0, 1
1582, 1, 0, 0, 0
1583, 1, 1, 1, 0
1584, 0, 0, 0, 1
1585, 1, 0, 1, 1
1586, 1, 1, 0, 0
1587, 1, 0, 0, 1
1588, 0, 0, 0, 0
1589, 0, 0, 1, 1
1590, 1, 1, 0, 0
1591, 0, 0, 0, 0
1592, 0, 0, 0, 0
1593, 1, 0, 0, 1
1594, 0, 0, 0, 1
1595, 0, 0, 0, 1
1596, 0, 0, 0, 0
1597, 1, 0, 0, 1
1598, 0, 0, 0, 0
1599, 1, 0, 0, 1
1600, 0, 0, 0, 0
1601, 1, 0, 1, 0
1602, 0, 0, 0, 0
1603, 1, 0, 0, 0
1604, 0, 0, 0, 0
1605, 0, 0, 0, 0
1606, 0, 0, 0, 0
1607, 1, 1, 0, 1
1608, 0, 0, 0, 1
1609, 1, 0, 0, 0
1610, 0, 0, 0, 1
1611, 1, 0, 0, 1
1612, 1, 0, 0, 1
1613, 0, 0, 0, 1
1614, 0, 0, 0, 1
1615, 0, 0, 0, 1
1616, 0, 0, 1, 0
1617, 1, 0, 0, 1
1618, 1, 1, 0, 0
1619, 0, 0, 0, 1
1620, 1, 1, 0, 1
1621, 1, 0, 0, 1
1622, 1, 1, 0, 1
1623, 0, 0, 0, 0
1624, 0, 0, 0, 0
1625, 0, 0, 0, 1
1626, 0, 0, 0, 0
1627, 1, 0, 0, 0
1628, 0, 0, 0, 0
1629, 1, 0, 0, 0
1630, 1, 0, 0, 1
1631, 1, 0, 0, 1
1632, 0, 0, 0, 0
1633, 1, 0, 0, 0
1634, 0, 0, 0, 0
1635, 1, 0, 0, 0
1636, 1, 0, 0, 1
1637, 1, 0, 0, 0
1638, 1, 1, 0, 0
1639, 0, 0, 0, 0
1640, 1, 1, 0, 1
1641, 1, 0, 0, 0
1642, 1, 1, 1, 1
1643, 0, 0, 1, 1
1644, 1, 0, 0, 1
1645, 1, 0, 0, 0
1646, 1, 0, 0, 0
1647, 1, 1, 1, 0
1648, 1, 0, 0, 0
1649, 0, 0, 0, 0
1650, 1, 1, 0, 0
1651, 1, 1, 0, 1
1652, 1, 0, 0, 0
1653, 1, 0, 0, 0
1654, 0, 0, 0, 1
1655, 1, 0, 0, 1
1656, 0, 0, 0, 1
1657, 0, 0, 0, 0
1658, 1, 0, 0, 0
1659, 1, 0, 0, 0
1660, 1, 1, 0, 1
1661, 1, 0, 0, 1
1662, 0, 0, 0, 1
1663, 0, 1, 0, 1
1664, 1, 0, 1, 0
1665, 0, 0, 0, 0
1666, 1, 1, 1, 1
1667, 0, 0, 0, 0
1668, 1, 0, 0, 0
1669, 1, 0, 0, 1
1670, 0, 0, 0, 0
1671, 1, 1, 0, 1
1672, 1, 0, 0, 0
1673, 1, 0, 0, 0
1674, 0, 1, 0, 1
1675, 0, 0, 0, 1
1676, 0, 0, 0, 0
1677, 1, 0, 0, 1
1678, 1, 0, 0, 0
1679, 1, 0, 1, 1
1680, 0, 1, 0, 1
1681, 0, 1, 1, 0
1682, 1, 0, 0, 1
1683, 0, 0, 1, 0
1684, 0, 0, 0, 0
1685, 0, 0, 0, 0
1686, 0, 0, 0, 0
1687, 1, 0, 0, 0
1688, 0, 0, 0, 0
1689, 1, 0, 0, 1
1690, 1, 0, 0, 1
1691, 0, 0, 0, 0
1692, 1, 0, 0, 0
1693, 0, 0, 0, 0
1694, 0, 0, 0, 1
1695, 1, 1, 1, 1
1696, 1, 0, 0, 1
1697, 1, 0, 0, 1
1698, 0, 0, 0, 0
1699, 1, 0, 0, 0
1700, 0, 0, 1, 0
1701, 0, 0, 0, 1
1702, 1, 0, 0, 1
1703, 1, 1, 1, 1
1704, 0, 0, 0, 1
1705, 1, 0, 1, 1
1706, 1, 0, 0, 0
1707, 1, 0, 0, 1
1708, 0, 0, 0, 1
1709, 0, 0, 0, 0
1710, 1, 1, 1, 1
1711, 1, 0, 0, 1
1712, 0, 1, 0, 1
1713, 1, 0, 1, 1
1714, 0, 0, 0, 0
1715, 0, 0, 0, 0
1716, 0, 0, 0, 0
1717, 0, 0, 0, 1
1718, 1, 0, 0, 0
1719, 0, 0, 0, 0
1720, 0, 1, 0, 1
1721, 0, 0, 1, 0
1722, 1, 0, 0, 0
1723, 0, 0, 0, 1
1724, 0, 0, 0, 1
1725, 1, 0, 0, 0
1726, 0, 0, 1, 1
1727, 0, 1, 1, 0
1728, 1, 0, 0, 1
1729, 1, 0, 0, 0
1730, 1, 0, 0, 0
1731, 0, 0, 0, 0
1732, 0, 0, 0, 0
1733, 1, 0, 0, 1
1734, 1, 0, 0, 1
1735, 1, 0, 0, 1
1736, 1, 0, 0, 0
1737, 0, 0, 0, 0
1738, 0, 0, 1, 0
1739, 0, 0, 0, 0
1740, 1, 0, 0, 1
1741, 0, 0, 0, 0
1742, 1, 0, 0, 1
1743, 1, 0, 0, 0
1744, 0, 0, 0, 0
1745, 1, 1, 0, 0
1746, 0, 1, 0, 1
1747, 1, 1, 1, 0
1748, 1, 0, 0, 1
1749, 1, 0, 1, 0
1750, 1, 0, 0, 1
1751, 1, 0, 0, 1
1752, 0, 0, 1, 1
1753, 0, 0, 0, 0
1754, 1, 0, 0, 1
1755, 1, 0, 0, 0
1756, 0, 0, 0, 1
1757, 0, 0, 0, 0
1758, 0, 0, 1, 0
1759, 0, 0, 1, 1
1760, 1, 1, 1, 0
1761, 1, 0, 1, 1
1762, 1, 0, 0, 1
1763, 1, 0, 0, 1
1764, 1, 0, 0, 1
1765, 1, 0, 0, 0
1766, 1, 0, 0, 0
1767, 1, 0, 0, 1
1768, 0, 0, 0, 0
1769, 0, 0, 0, 0
1770, 1, 0, 0, 0
1771, 1, 0, 0, 0
1772, 0, 0, 0, 0
1773, 0, 0, 0, 1
1774, 0, 0, 0, 1
1775, 0, 1, 0, 0
1776, 1, 0, 0, 0
1777, 0, 0, 0, 0
1778, 0, 0, 0, 0
1779, 1, 0, 0, 1
1780, 0, 0, 1, 0
1781, 1, 0, 1, 1
1782, 0, 1, 0, 0
1783, 1, 0, 0, 1
1784, 1, 0, 0, 0
1785, 1, 0, 0, 1
1786, 1, 0, 1, 1
1787, 0, 0, 0, 1
1788, 0, 0, 0, 0
1789, 0, 0, 0, 0
1790, 0, 0, 0, 0
1791, 0, 0, 0, 0
1792, 0, 1, 0, 0
1793, 0, 0, 1, 0
1794, 1, 0, 0, 0
1795, 0, 0, 0, 0
1796, 1, 0, 0, 1
1797, 0, 0, 0, 0
1798, 1, 0, 0, 1
1799, 0, 0, 0, 0
1800, 1, 0, 1, 1
1801, 1, 0, 0, 0
1802, 0, 1, 1, 0
1803, 1, 0, 0, 1
1804, 1, 1, 0, 1
1805, 1, 1, 1, 1
1806, 0, 0, 0, 1
1807, 0, 0, 0, 0
1808, 1, 0, 1, 0
1809, 1, 0, 0, 0
1810, 0, 0, 0, 0
1811, 0, 0, 0, 1
1812, 0, 0, 0, 0
1813, 0, 0, 0, 0
1814, 1, 0, 0, 0
1815, 1, 0, 0, 1
1816, 1, 0, 0, 1
1817, 1, 0, 0, 1
1818, 1, 0, 0, 0
1819, 0, 1, 0, 0
1820, 0, 0, 0, 0
1821, 0, 0, 0, 0
1822, 0, 0, 0, 0
1823, 1, 0, 0, 1
1824, 1, 1, 1, 0
1825, 0, 0, 0, 1
1826, 1, 0, 0, 1
1827, 0, 0, 0, 0
1828, 1, 0, 1, 0
1829, 1, 0, 0, 1
1830, 0, 0, 0, 0
1831, 1, 0, 0, 0
1832, 1, 0, 0, 0
1833, 1, 0, 0, 0
1834, 1, 0, 0, 1
1835, 0, 0, 1, 0
1836, 1, 1, 1, 0
1837, 1, 1, 0, 1
1838, 0, 1, 1, 1
1839, 0, 0, 0, 0
1840, 1, 0, 0, 1
1841, 1, 0, 0, 0
1842, 0, 0, 0, 0
1843, 0, 0, 0, 0
1844, 0, 0, 1, 0
1845, 1, 0, 0, 1
1846, 1, 0, 0, 1
1847, 0, 0, 0, 0
1848, 1, 0, 0, 1
1849, 0, 0, 0, 0
1850, 1, 0, 0, 1
1851, 0, 0, 0, 0
1852, 1, 0, 0, 1
1853, 1, 0, 0, 1
1854, 1, 1, 1, 1
1855, 1, 0, 0, 0
1856, 1, 0, 1, 0
1857, 0, 1, 0, 0
1858, 1, 0, 0, 1
1859, 1, 0, 0, 1
1860, 1, 0, 0, 1
1861, 1, 1, 1, 1
1862, 1, 1, 1, 1
1863, 1, 0, 0, 0
1864, 1, 0, 0, 0
1865, 1, 0, 1, 0
1866, 0, 0, 0, 0
1867, 0, 0, 0, 1
1868, 0, 1, 0, 0
1869, 1, 1, 0, 0
1870, 1, 0, 0, 0
1871, 0, 0, 0, 0
1872, 1, 1, 1, 1
1873, 1, 1, 0, 0
1874, 1, 1, 1, 1
1875, 1, 0, 1, 1
1876, 1, 1, 1, 0
1877, 1, 0, 0, 0
1878, 1, 0, 0, 1
1879, 0, 0, 0, 0
1880, 0, 1, 1, 0
1881, 1, 0, 1, 0
1882, 1, 0, 0, 1
1883, 1, 0, 1, 1
1884, 0, 0, 0, 0
1885, 1, 1, 1, 1
1886, 1, 0, 0, 1
1887, 0, 0, 0, 0
1888, 1, 0, 0, 0
1889, 1, 0, 0, 0
1890, 0, 0, 0, 0
1891, 0, 0, 0, 0
1892, 1, 0, 0, 1
1893, 0, 0, 0, 1
1894, 0, 0, 0, 0
1895, 1, 0, 0, 1
1896, 1, 0, 1, 1
1897, 1, 0, 0, 0
1898, 0, 0, 0, 0
1899, 1, 1, 0, 1
1900, 0, 0, 0, 1
1901, 0, 0, 1, 1
1902, 0, 0, 0, 1
1903, 1, 0, 0, 1
1904, 0, 0, 0, 0
1905, 0, 0, 0, 1
1906, 1, 0, 0, 1
1907, 0, 0, 0, 0
1908, 1, 0, 0, 0
1909, 1, 0, 0, 1
1910, 0, 0, 1, 0
1911, 1, 1, 1, 1
1912, 0, 0, 1, 1
1913, 1, 0, 0, 0
1914, 1, 0, 1, 0
1915, 1, 1, 0, 0
1916, 1, 0, 0, 1
1917, 1, 0, 0, 0
1918, 0, 0, 0, 1
1919, 1, 0, 0, 0
1920, 1, 0, 0, 1
1921, 0, 0, 0, 0
1922, 1, 0, 1, 0
1923, 0, 0, 0, 0
1924, 0, 1, 0, 1
1925, 0, 0, 0, 1
1926, 1, 1, 1, 0
1927, 0, 0, 0, 1
1928, 1, 0, 0, 0
1929, 1, 0, 0, 0
1930, 0, 0, 0, 0
1931, 0, 0, 0, 0
1932, 0, 0, 0, 0
1933, 1, 0, 0, 1
1934, 1, 0, 0, 0
1935, 0, 1, 0, 1
1936, 1, 0, 0, 0
1937, 0, 0, 0, 0
1938, 1, 0, 0, 0
1939, 0, 1, 0, 1
1940, 0, 1, 0, 1
1941, 1, 0, 0, 1
1942, 0, 1, 0, 0
1943, 1, 1, 0, 0
1944, 1, 0, 0, 1
1945, 1, 0, 0, 1
1946, 0, 0, 0, 0
1947, 1, 0, 1, 0
1948, 1, 0, 0, 0
1949, 1, 0, 0, 0
1950, 1, 0, 1, 0
1951, 1, 0, 0, 0
1952, 1, 0, 0, 1
1953, 0, 0, 0, 0
1954, 0, 1, 1, 1
1955, 1, 0, 0, 1
1956, 1, 0, 1, 1
1957, 1, 0, 0, 0
1958, 1, 0, 0, 0
1959, 0, 0, 1, 1
1960, 1, 1, 0, 1
1961, 0, 0, 0, 0
1962, 1, 0, 0, 0
1963, 0, 1, 1, 1
1964, 1, 0, 0, 0
1965, 0, 0, 0, 0
1966, 1, 1, 1, 1
1967, 0, 0, 0, 0
1968, 1, 0, 0, 0
1969, 1, 0, 0, 1
1970, 1, 1, 1, 0
1971, 0, 0, 0, 0
1972, 1, 0, 0, 0
1973, 0, 0, 0, 0
1974, 1, 0, 0, 0
1975, 1, 1, 1, 1
1976, 0, 1, 0, 1
1977, 0, 1, 0, 0
1978, 1, 1, 0, 0
1979, 0, 0, 0, 0
1980, 1, 0, 0, 1
1981, 0, 0, 0, 0
1982, 0, 0, 0, 0
1983, 0, 0, 0, 0
1984, 0, 0, 0, 0
1985, 1, 0, 0, 0
1986, 1, 0, 0, 0
1987, 1, 0, 0, 1
1988, 1, 0, 0, 0
1989, 0, 0, 0, 1
1990, 1, 0, 0, 0
1991, 1, 0, 0, 1
1992, 0, 0, 0, 0
1993, 1, 0, 0, 0
1994, 0, 0, 1, 1
1995, 1, 0, 0, 0
1996, 1, 0, 0, 1
1997, 1, 0, 0, 1
1998, 1, 0, 0, 0
1999, 0, 0, 0, 0
2000, 0, 0, 0, 0
2001, 0, 1, 0, 0
2002, 0, 0, 0, 1
2003, 1, 0, 0, 0
2004, 0, 0, 0, 1
2005, 1, 0, 0, 0
2006, 0, 0, 0, 0
2007, 1, 0, 1, 1
2008, 0, 0, 0, 0
2009, 1, 0, 0, 1
2010, 1, 1, 0, 1
2011, 0, 0, 0, 0
2012, 1, 0, 0, 0
2013, 1, 0, 0, 1
2014, 1, 0, 1, 1
2015, 1, 0, 0, 0
2016, 1, 0, 0, 0
2017, 1, 1, 1, 1
2018, 0, 0, 0, 1
2019, 1, 1, 0, 0
2020, 1, 0, 0, 0
2021, 1, 0, 0, 1
2022, 1, 1, 0, 1
2023, 0, 1, 0, 0
2024, 1, 0, 0, 0
2025, 1, 0, 0, 1
2026, 0, 0, 1, 1
2027, 1, 0, 0, 1
2028, 0, 1, 1, 0
2029, 0, 0, 0, 0
2030, 0, 0, 0, 1
2031, 0, 0, 0, 1
2032, 0, 0, 0, 1
2033, 1, 0, 0, 1
2034, 0, 0, 0, 0
2035, 0, 1, 1, 0
2036, 0, 0, 0, 1
2037, 0, 0, 0, 1
2038, 1, 0, 0, 1
2039, 0, 0, 1, 1
2040, 0, 0, 0, 1
2041, 1, 0, 0, 0
2042, 0, 0, 0, 0
2043, 0, 0, 0, 0
2044, 0, 1, 0, 0
2045, 1, 0, 0, 0
2046, 0, 0, 0, 0
2047, 1, 0, 0, 0
2048, 0, 0, 0, 0
2049, 1, 0, 0, 1
2050, 1, 0, 0, 1
2051, 0, 0, 0, 0
2052, 1, 0, 0, 0
2053, 0, 0, 0, 0
2054, 1, 0, 1, 0
2055, 0, 0, 0, 0
2056, 0, 0, 0, 0
2057, 0, 0, 1, 0
2058, 1, 0, 0, 0
2059, 0, 1, 1, 0
2060, 1, 0, 0, 1
2061, 0, 0, 0, 0
2062, 0, 0, 0, 1
2063, 0, 0, 0, 0
2064, 1, 0, 0, 0
2065, 0, 0, 0, 0
2066, 1, 0, 0, 1
2067, 0, 0, 0, 0
2068, 0, 0, 0, 0
2069, 1, 0, 0, 0
2070, 1, 0, 0, 0
2071, 1, 0, 1, 1
2072, 1, 1, 0, 0
2073, 1, 0, 0, 0
2074, 0, 0, 0, 1
2075, 0, 1, 1, 1
2076, 0, 0, 0, 0
2077, 1, 1, 0, 0
2078, 1, 0, 0, 0
2079, 1, 0, 0, 1
2080, 0, 0, 0, 0
2081, 0, 0, 0, 1
2082, 1, 0, 0, 1
2083, 1, 1, 1, 0
2084, 1, 0, 0, 1
2085, 0, 0, 0, 0
2086, 1, 0, 0, 1
2087, 1, 1, 0, 0
2088, 1, 0, 0, 1
2089, 1, 0, 0, 0
2090, 1, 0, 0, 0
2091, 0, 0, 0, 0
2092, 0, 0, 0, 0
2093, 1, 0, 0, 0
2094, 1, 0, 0, 0
2095, 1, 0, 0, 1
2096, 0, 0, 0, 0
2097, 1, 0, 0, 1
2098, 1, 1, 0, 1
2099, 0, 0, 0, 0
2100, 0, 0, 0, 1
2101, 0, 0, 0, 0
2102, 0, 0, 0, 1
2103, 0, 0, 1, 1
2104, 1, 0, 0, 1
2105, 0, 0, 0, 0
2106, 0, 1, 0, 1
2107, 0, 0, 1, 1
2108, 1, 1, 1, 1
2109, 1, 0, 0, 1
2110, 0, 0, 0, 0
2111, 1, 0, 0, 0
2112, 0, 0, 0, 0
2113, 1, 0, 0, 1
2114, 0, 0, 0, 0
2115, 0, 0, 0, 0
2116, 0, 0, 0, 0
2117, 0, 0, 0, 1
2118, 1, 0, 0, 0
2119, 1, 0, 0, 0
2120, 1, 0, 0, 0
2121, 1, 0, 0, 1
2122, 1, 0, 0, 0
2123, 1, 0, 0, 1
2124, 1, 0, 0, 0
2125, 1, 0, 0, 0
2126, 1, 0, 1, 1
2127, 1, 0, 0, 0
2128, 0, 0, 0, 0
2129, 1, 0, 1, 0
2130, 0, 0, 0, 1
2131, 0, 0, 0, 0
2132, 0, 0, 0, 0
2133, 1, 1, 0, 0
2134, 0, 0, 1, 0
2135, 1, 0, 0, 1
2136, 1, 0, 0, 1
2137, 0, 0, 0, 0
2138, 0, 1, 0, 0
2139, 0, 0, 0, 0
2140, 0, 1, 0, 0
2141, 0, 1, 1, 1
2142, 0, 0, 0, 0
2143, 0, 0, 0, 0
2144, 1, 0, 0, 0
2145, 0, 0, 0, 1
2146, 1, 0, 1, 0
2147, 1, 0, 0, 0
2148, 0, 0, 1, 0
2149, 1, 0, 0, 1
2150, 1, 0, 0, 0
2151, 1, 0, 0, 0
2152, 1, 1, 1, 1
2153, 0, 0, 0, 1
2154, 0, 0, 0, 0
2155, 0, 0, 0, 0
2156, 1, 1, 0, 1
2157, 1, 0, 0, 1
2158, 0, 0, 0, 0
2159, 1, 1, 0, 1
2160, 1, 0, 0, 0
2161, 1, 0, 0, 0
2162, 1, 0, 0, 0
2163, 1, 1, 0, 1
2164, 1, 0, 0, 1
2165, 1, 0, 0, 0
2166, 1, 0, 0, 1
2167, 0, 0, 0, 0
2168, 0, 0, 0, 1
2169, 1, 0, 0, 1
2170, 0, 0, 0, 0
2171, 1, 0, 0, 1
2172, 1, 1, 1, 0
2173, 0, 0, 0, 1
2174, 1, 0, 0, 1
2175, 1, 0, 0, 0
2176, 1, 1, 0, 0
2177, 0, 0, 0, 0
2178, 1, 0, 0, 1
2179, 0, 0, 0, 1
2180, 1, 0, 0, 1
2181, 1, 0, 0, 1
2182, 1, 0, 0, 0
2183, 1, 0, 1, 0
2184, 1, 0, 1, 0
2185, 1, 1, 0, 0
2186, 1, 1, 1, 0
2187, 0, 0, 0, 0
2188, 0, 0, 0, 0
2189, 1, 0, 0, 0
2190, 1, 0, 0, 0
2191, 1, 0, 0, 1
2192, 1, 0, 0, 0
2193, 0, 0, 0, 0
2194, 1, 0, 0, 0
2195, 0, 0, 0, 0
2196, 0, 0, 0, 0
2197, 0, 0, 0, 0
2198, 1, 0, 0, 1
2199, 0, 0, 0, 0
2200, 0, 0, 0, 0
2201, 0, 1, 1, 0
2202, 1, 0, 1, 0
2203, 0, 0, 0, 0
2204, 0, 0, 0, 0
2205, 0, 0, 0, 0
2206, 1, 0, 0, 1
2207, 0, 0, 0, 0
2208, 0, 0, 0, 1
2209, 1, 0, 0, 0
2210, 0, 0, 0, 0
2211, 1, 0, 0, 0
2212, 1, 1, 0, 0
2213, 1, 0, 1, 0
2214, 0, 0, 0, 1
2215, 0, 0, 0, 0
2216, 1, 0, 0, 0
2217, 0, 0, 0, 0
2218, 0, 0, 0, 0
2219, 1, 0, 0, 1
2220, 0, 1, 0, 1
2221, 1, 0, 1, 1
2222, 1, 0, 0, 0
2223, 1, 0, 0, 1
2224, 1, 0, 0, 0
2225, 1, 0, 0, 1
2226, 0, 0, 0, 0
2227, 0, 0, 0, 0
2228, 1, 0, 1, 1
2229, 1, 0, 0, 0
2230, 1, 0, 0, 1
2231, 1, 1, 0, 0
2232, 1, 1, 0, 1
2233, 1, 1, 1, 0
2234, 0, 0, 0, 0
2235, 1, 1, 1, 0
2236, 1, 0, 0, 0
2237, 0, 0, 0, 0
2238, 1, 0, 0, 0
2239, 1, 0, 0, 0
2240, 1, 0, 0, 1
2241, 1, 1, 0, 1
2242, 1, 1, 1, 0
2243, 1, 0, 0, 0
2244, 0, 0, 0, 0
2245, 1, 1, 0, 0
2246, 0, 0, 0, 1
2247, 0, 0, 0, 0
2248, 0, 0, 0, 0
2249, 1, 0, 1, 0
2250, 1, 0, 0, 1
2251, 1, 1, 0, 1
2252, 1, 0, 0, 0
2253, 1, 0, 0, 0
2254, 1, 0, 0, 1
2255, 1, 0, 0, 0
2256, 0, 1, 0, 0
2257, 1, 0, 0, 0
2258, 0, 0, 0, 1
2259, 1, 0, 0, 0
2260, 0, 0, 0, 0
2261, 1, 0, 1, 1
2262, 1, 0, 1, 1
2263, 1, 0, 0, 0
2264, 1, 0, 0, 1
2265, 1, 0, 0, 0
2266, 0, 1, 0, 0
2267, 0, 0, 0, 1
2268, 1, 1, 1, 0
2269, 0, 0, 0, 0
2270, 1, 0, 0, 1
2271, 0, 1, 0, 0
2272, 1, 0, 0, 1
2273, 0, 0, 1, 0
2274, 1, 1, 1, 1
2275, 1, 0, 0, 1
2276, 1, 0, 0, 1
2277, 1, 1, 0, 1
2278, 1, 0, 0, 1
2279, 1, 1, 1, 1
2280, 1, 1, 1, 1
2281, 1, 0, 0, 0
2282, 1, 0, 0, 1
2283, 1, 1, 1, 0
2284, 0, 1, 1, 0
2285, 0, 0, 0, 0
2286, 0, 0, 0, 0
2287, 1, 0, 0, 0
2288, 0, 0, 0, 0
2289, 1, 0, 1, 1
2290, 1, 0, 1, 0
2291, 0, 0, 0, 0
2292, 0, 1, 0, 0
2293, 0, 0, 0, 0
2294, 1, 0, 0, 0
2295, 1, 0, 0, 1
2296, 0, 0, 0, 0
2297, 1, 1, 1, 0
2298, 1, 0, 0, 0
2299, 1, 1, 1, 1
2300, 0, 0, 0, 0
2301, 0, 1, 0, 0
2302, 0, 0, 0, 1
2303, 1, 1, 0, 1
2304, 1, 0, 0, 1
2305, 1, 1, 1, 0
2306, 0, 0, 0, 1
2307, 0, 0, 0, 0
2308, 1, 1, 1, 0
2309, 1, 0, 0, 0
2310, 1, 0, 0, 0
2311, 0, 0, 1, 1
2312, 1, 0, 0, 1
2313, 0, 0, 0, 0
2314, 1, 0, 0, 1
2315, 1, 0, 0, 0
2316, 0, 0, 1, 0
2317, 1, 0, 1, 0
2318, 1, 0, 0, 0
2319, 0, 0, 0, 0
2320, 0, 0, 1, 0
2321, 0, 0, 0, 0
2322, 0, 0, 1, 1
2323, 1, 1, 0, 1
2324, 0, 0, 0, 0
2325, 0, 0, 0, 0
2326, 0, 0, 0, 0
2327, 0, 0, 1, 0
2328, 0, 0, 0, 0
2329, 0, 0, 0, 0
2330, 0, 0, 1, 0
2331, 0, 0, 0, 0
2332, 1, 0, 0, 0
2333, 1, 1, 0, 1
2334, 1, 0, 0, 0
2335, 1, 0, 0, 0
2336, 0, 0, 0, 1
2337, 1, 0, 1, 0
2338, 0, 0, 0, 1
2339, 1, 0, 0, 0
2340, 1, 0, 0, 1
2341, 0, 0, 0, 0
2342, 1, 1, 0, 1
2343, 1, 0, 0, 1
2344, 0, 0, 0, 0
2345, 1, 0, 0, 0
2346, 1, 0, 0, 0
2347, 1, 0, 0, 1
2348, 1, 0, 0, 1
2349, 1, 0, 0, 0
2350, 0, 0, 0, 0
2351, 1, 0, 0, 1
2352, 1, 0, 0, 1
2353, 0, 0, 0, 1
2354, 1, 0, 0, 0
2355, 0, 0, 0, 0
2356, 1, 0, 0, 0
2357, 0, 0, 0, 1
2358, 1, 0, 0, 0
2359, 0, 0, 0, 0
2360, 1, 0, 0, 1
2361, 1, 0, 0, 0
2362, 0, 0, 0, 0
2363, 1, 0, 0, 0
2364, 0, 0, 0, 1
2365, 0, 0, 0, 0
2366, 1, 1, 0, 1
2367, 0, 0, 0, 0
2368, 1, 1, 1, 1
2369, 1, 0, 0, 0
2370, 0, 0, 1, 0
2371, 1, 0, 0, 0
2372, 0, 0, 0, 0
2373, 1, 0, 0, 0
2374, 0, 0, 0, 1
2375, 1, 0, 1, 0
2376, 1, 0, 0, 1
2377, 0, 0, 0, 0
2378, 0, 0, 1, 0
2379, 1, 1, 0, 0
2380, 1, 1, 0, 1
2381, 0, 0, 0, 1
2382, 1, 0, 0, 1
2383, 1, 1, 0, 1
2384, 1, 0, 1, 1
2385, 0, 1, 0, 0
2386, 0, 0, 1, 1
2387, 0, 1, 1, 1
2388, 0, 0, 0, 0
2389, 0, 0, 0, 0
2390, 0, 1, 1, 1
2391, 0, 0, 0, 0
2392, 0, 0, 1, 0
2393, 1, 0, 1, 1
2394, 0, 0, 0, 0
2395, 0, 0, 0, 0
2396, 1, 0, 0, 1
2397, 1, 0, 0, 0
2398, 0, 0, 0, 0
2399, 1, 0, 0, 0
2400, 0, 0, 1, 0
2401, 0, 0, 0, 0
2402, 0, 0, 0, 0
2403, 1, 0, 0, 1
2404, 1, 0, 1, 0
2405, 0, 0, 0, 0
2406, 1, 0, 1, 0
2407, 0, 0, 0, 1
2408, 0, 1, 0, 1
2409, 0, 1, 1, 1
2410, 0, 0, 0, 0
2411, 1, 0, 0, 0
2412, 0, 1, 1, 0
2413, 1, 0, 0, 1
2414, 1, 0, 0, 0
2415, 0, 0, 0, 1
2416, 1, 0, 1, 0
2417, 1, 1, 1, 0
2418, 1, 0, 0, 0
2419, 0, 0, 0, 0
2420, 1, 0, 0, 0
2421, 1, 1, 0, 0
2422, 1, 0, 0, 1
2423, 1, 1, 1, 1
2424, 0, 0, 1, 0
2425, 1, 0, 0, 1
2426, 1, 0, 0, 1
2427, 1, 1, 0, 0
2428, 1, 0, 0, 1
2429, 0, 0, 0, 0
2430, 1, 0, 0, 0
2431, 1, 0, 0, 1
2432, 1, 0, 1, 0
2433, 1, 0, 0, 0
2434, 0, 1, 0, 0
2435, 1, 0, 0, 1
2436, 1, 0, 0, 0
2437, 0, 0, 0, 1
2438, 1, 0, 0, 1
2439, 0, 0, 0, 0
2440, 0, 0, 0, 0
2441, 1, 0, 0, 1
2442, 1, 1, 0, 1
2443, 0, 1, 0, 1
2444, 1, 1, 1, 1
2445, 0, 0, 0, 1
2446, 1, 0, 0, 1
2447, 1, 0, 0, 0
2448, 1, 0, 0, 1
2449, 0, 1, 1, 1
2450, 0, 0, 0, 0
2451, 1, 1, 1, 1
2452, 0, 1, 1, 1
2453, 1, 0, 0, 1
2454, 0, 0, 0, 0
2455, 0, 1, 0, 1
2456, 1, 0, 0, 0
2457, 0, 1, 0, 1
2458, 1, 1, 0, 0
2459, 0, 1, 1, 1
2460, 0, 0, 0, 0
2461, 0, 0, 0, 0
2462, 0, 1, 0, 0
2463, 0, 0, 0, 0
2464, 0, 0, 0, 0
2465, 0, 0, 0, 0
2466, 1, 0, 0, 0
2467, 1, 0, 0, 0
2468, 1, 0, 0, 1
2469, 1, 1, 1, 1
2470, 1, 0, 0, 0
2471, 0, 0, 0, 0
2472, 0, 1, 1, 1
2473, 0, 0, 0, 1
2474, 1, 1, 0, 1
2475, 1, 0, 0, 1
2476, 0, 0, 0, 1
2477, 1, 1, 1, 0
2478, 1, 0, 0, 0
2479, 1, 0, 0, 1
2480, 1, 0, 0, 1
2481, 0, 0, 0, 0
2482, 1, 0, 0, 0
2483, 0, 0, 0, 0
2484, 0, 0, 0, 0
2485, 1, 0, 0, 1
2486, 1, 0, 0, 0
2487, 0, 0, 0, 0
2488, 1, 0, 0, 0
2489, 0, 0, 0, 0
2490, 1, 0, 0, 1
2491, 1, 0, 0, 1
2492, 1, 0, 0, 1
2493, 1, 0, 0, 0
2494, 0, 1, 0, 0
2495, 1, 0, 0, 1
2496, 0, 0, 0, 0
2497, 0, 0, 0, 0
2498, 1, 0, 1, 1
2499, 1, 0, 0, 0
2500, 1, 0, 1, 1
2501, 0, 0, 0, 1
2502, 0, 0, 0, 0
2503, 1, 0, 0, 1
2504, 0, 0, 0, 1
2505, 1, 0, 1, 0
2506, 1, 0, 1, 1
2507, 0, 0, 1, 0
2508, 0, 0, 0, 0
2509, 1, 0, 0, 0
2510, 1, 0, 0, 1
2511, 1, 0, 0, 0
2512, 1, 1, 1, 1
2513, 1, 1, 1, 1
2514, 1, 0, 0, 0
2515, 0, 0, 0, 0
2516, 1, 0, 0, 0
2517, 0, 0, 0, 0
2518, 0, 0, 0, 0
2519, 0, 0, 0, 1
2520, 1, 0, 0, 0
2521, 0, 0, 1, 0
2522, 0, 0, 0, 0
2523, 1, 0, 0, 1
2524, 1, 0, 0, 1
2525, 1, 0, 0, 0
2526, 1, 0, 0, 0
2527, 1, 0, 0, 0
2528, 1, 0, 1, 1
2529, 1, 0, 1, 1
2530, 1, 1, 1, 0
2531, 1, 0, 0, 0
2532, 0, 0, 0, 0
2533, 1, 0, 0, 0
2534, 0, 0, 0, 0
2535, 1, 0, 0, 0
2536, 0, 0, 1, 0
2537, 0, 0, 0, 0
2538, 1, 0, 0, 1
2539, 0, 0, 0, 1
2540, 0, 0, 0, 0
2541, 1, 0, 0, 0
2542, 1, 0, 0, 0
2543, 0, 1, 0, 0
2544, 0, 0, 0, 0
2545, 1, 0, 0, 1
2546, 0, 0, 0, 0
2547, 0, 1, 0, 1
2548, 1, 0, 0, 1
2549, 1, 0, 1, 1
2550, 0, 0, 0, 1
2551, 1, 0, 0, 0
2552, 1, 1, 0, 0
2553, 0, 0, 0, 0
2554, 1, 0, 0, 1
2555, 1, 0, 0, 1
2556, 1, 0, 0, 1
2557, 0, 0, 0, 1
2558, 0, 0, 0, 0
2559, 0, 0, 0, 1
2560, 1, 1, 1, 1
2561, 1, 0, 0, 1
2562, 0, 0, 1, 0
2563, 1, 0, 0, 0
2564, 1, 0, 0, 1
2565, 1, 1, 1, 1
2566, 1, 1, 0, 0
2567, 1, 1, 1, 0
2568, 1, 0, 1, 0
2569, 1, 0, 0, 1
2570, 0, 0, 0, 0
2571, 1, 1, 1, 0
2572, 0, 1, 1, 0
2573, 1, 1, 1, 0
2574, 0, 0, 0, 1
2575, 1, 1, 1, 1
2576, 0, 1, 0, 1
2577, 0, 1, 0, 1
2578, 1, 0, 0, 0
2579, 1, 0, 0, 0
2580, 0, 1, 0, 1
2581, 1, 1, 0, 0
2582, 0, 0, 0, 0
2583, 1, 0, 0, 1
2584, 0, 0, 0, 1
2585, 0, 0, 0, 1
2586, 0, 1, 0, 0
2587, 1, 0, 0, 1
2588, 1, 0, 0, 1
2589, 1, 1, 1, 0
2590, 1, 0, 1, 0
2591, 0, 0, 0, 0
2592, 0, 0, 0, 0
2593, 1, 0, 0, 1
2594, 1, 0, 0, 0
2595, 0, 0, 0, 0
2596, 0, 0, 0, 0
2597, 1, 0, 0, 0
2598, 0, 0, 0, 0
2599, 0, 0, 0, 1
2600, 0, 0, 0, 0
2601, 1, 0, 1, 1
2602, 0, 0, 1, 1
2603, 1, 0, 0, 1
2604, 1, 0, 0, 1
2605, 0, 0, 0, 0
2606, 1, 0, 0, 0
2607, 1, 0, 0, 0
2608, 1, 0, 0, 0
2609, 1, 1, 1, 1
2610, 0, 0, 0, 0
2611, 0, 0, 0, 1
2612, 1, 0, 0, 0
2613, 0, 0, 0, 0
2614, 1, 1, 0, 1
2615, 1, 0, 0, 1
2616, 0, 1, 1, 0
2617, 1, 0, 1, 1
2618, 1, 0, 0, 0
2619, 1, 0, 0, 0
2620, 1, 1, 1, 0
2621, 1, 1, 1, 1
2622, 1, 0, 0, 1
2623, 0, 1, 0, 1
2624, 1, 0, 0, 0
2625, 0, 0, 0, 0
2626, 0, 0, 0, 0
2627, 1, 0, 0, 1
2628, 1, 0, 0, 0
2629, 1, 0, 0, 0
2630, 1, 0, 0, 1
2631, 1, 0, 0, 0
2632, 1, 0, 1, 0
2633, 1, 0, 1, 0
2634, 0, 0, 1, 0
2635, 1, 0, 1, 0
2636, 0, 0, 0, 0
2637, 0, 0, 0, 0
2638, 1, 1, 0, 1
2639, 0, 0, 0, 1
2640, 1, 0, 0, 1
2641, 1, 0, 0, 1
2642, 1, 1, 0, 1
2643, 0, 0, 0, 0
2644, 1, 1, 1, 0
2645, 0, 0, 0, 1
2646, 1, 0, 0, 0
2647, 1, 0, 1, 0
2648, 1, 0, 0, 0
2649, 1, 0, 0, 0
2650, 1, 0, 0, 1
2651, 1, 0, 0, 1
2652, 0, 0, 0, 0
2653, 0, 0, 0, 0
2654, 1, 1, 1, 1
2655, 1, 0, 0, 1
2656, 0, 0, 0, 1
2657, 0, 0, 0, 0
2658, 1, 0, 0, 0
2659, 0, 0, 0, 0
2660, 0, 1, 1, 1
2661, 0, 0, 0, 0
2662, 1, 1, 1, 1
2663, 0, 0, 0, 0
2664, 0, 0, 0, 1
2665, 0, 0, 0, 1
2666, 1, 0, 0, 0
2667, 1, 0, 0, 1
2668, 0, 0, 0, 0
2669, 1, 0, 0, 0
2670, 0, 0, 0, 0
2671, 1, 0, 0, 1
2672, 1, 1, 1, 1
2673, 0, 0, 0, 0
2674, 0, 1, 0, 1
2675, 1, 0, 0, 1
2676, 1, 1, 1, 1
2677, 0, 1, 1, 0
2678, 0, 0, 0, 0
2679, 1, 0, 1, 1
2680, 1, 1, 1, 0
2681, 1, 0, 1, 1
2682, 0, 0, 0, 0
2683, 1, 1, 1, 0
2684, 1, 0, 1, 1
2685, 0, 0, 0, 0
2686, 1, 1, 1, 0
2687, 0, 0, 0, 0
2688, 1, 0, 0, 1
2689, 0, 0, 0, 1
2690, 1, 0, 1, 1
2691, 1, 1, 1, 0
2692, 0, 0, 0, 0
2693, 0, 1, 1, 1
2694, 1, 0, 0, 0
2695, 0, 0, 0, 0
2696, 1, 1, 1, 1
2697, 1, 1, 0, 1
2698, 1, 1, 0, 0
2699, 1, 1, 1, 1
2700, 0, 1, 0, 0
2701, 0, 0, 0, 0
2702, 0, 0, 0, 1
2703, 1, 0, 0, 0
2704, 1, 0, 0, 1
2705, 0, 0, 0, 0
2706, 1, 0, 0, 0
2707, 0, 0, 0, 0
2708, 0, 0, 0, 0
2709, 1, 0, 0, 0
2710, 1, 1, 0, 1
2711, 0, 0, 0, 0
2712, 1, 0, 0, 0
2713, 0, 0, 0, 0
2714, 1, 0, 0, 1
2715, 0, 0, 1, 1
2716, 0, 0, 0, 0
2717, 1, 0, 0, 0
2718, 0, 0, 1, 1
2719, 1, 0, 1, 0
2720, 0, 0, 0, 0
2721, 0, 0, 0, 0
2722, 1, 0, 0, 1
2723, 1, 0, 0, 0
2724, 1, 0, 0, 0
2725, 1, 0, 0, 1
2726, 1, 0, 0, 0
2727, 1, 0, 0, 1
2728, 0, 0, 0, 0
2729, 1, 1, 0, 1
2730, 1, 0, 0, 1
2731, 1, 1, 1, 1
2732, 1, 1, 1, 1
2733, 1, 0, 0, 1
2734, 1, 1, 1, 0
2735, 1, 0, 0, 0
2736, 0, 0, 0, 0
2737, 1, 0, 0, 0
2738, 1, 0, 0, 0
2739, 1, 0, 0, 1
2740, 1, 0, 0, 0
2741, 0, 0, 0, 0
2742, 1, 1, 0, 1
2743, 1, 1, 0, 0
2744, 1, 1, 1, 1
2745, 1, 1, 1, 1
2746, 0, 0, 0, 0
2747, 1, 0, 0, 0
2748, 0, 0, 0, 0
2749, 1, 0, 0, 1
2750, 1, 0, 0, 1
2751, 1, 0, 1, 1
2752, 0, 1, 0, 0
2753, 1, 0, 0, 1
2754, 1, 1, 1, 0
2755, 1, 1, 1, 1
2756, 1, 0, 0, 0
2757, 0, 0, 0, 0
2758, 0, 0, 0, 0
2759, 1, 1, 1, 1
2760, 0, 0, 0, 0
2761, 0, 1, 1, 1
2762, 1, 0, 0, 1
2763, 0, 0, 0, 1
2764, 1, 0, 1, 0
2765, 1, 1, 1, 1
2766, 1, 1, 0, 1
2767, 1, 1, 1, 0
2768, 0, 1, 0, 1
2769, 0, 0, 0, 0
2770, 0, 1, 0, 0
2771, 1, 1, 1, 1
2772, 0, 0, 0, 0
2773, 0, 0, 1, 0
2774, 0, 0, 0, 0
2775, 1, 0, 0, 1
2776, 0, 0, 0, 0
2777, 1, 0, 0, 0
2778, 0, 0, 0, 1
2779, 0, 0, 0, 0
2780, 1, 0, 0, 0
2781, 1, 0, 0, 1
2782, 0, 0, 0, 0
2783, 1, 0, 0, 0
2784, 0, 0, 0, 0
2785, 0, 0, 0, 0
2786, 1, 0, 1, 0
2787, 1, 0, 1, 1
2788, 0, 0, 0, 0
2789, 0, 1, 0, 1
2790, 1, 0, 0, 1
2791, 0, 0, 0, 0
2792, 1, 0, 0, 1
2793, 1, 1, 1, 0
2794, 1, 0, 1, 1
2795, 1, 0, 1, 1
2796, 1, 0, 1, 0
2797, 0, 0, 0, 0
2798, 1, 0, 0, 1
2799, 0, 0, 1, 1
2800, 1, 1, 1, 0
2801, 1, 0, 1, 1
2802, 1, 0, 0, 1
2803, 0, 0, 0, 0
2804, 1, 0, 0, 1
2805, 1, 0, 0, 1
2806, 0, 0, 0, 0
2807, 0, 0, 0, 0
2808, 0, 1, 0, 1
2809, 1, 1, 0, 1
2810, 0, 0, 0, 1
2811, 1, 0, 1, 1
2812, 0, 1, 0, 1
2813, 1, 0, 0, 0
2814, 1, 1, 1, 1
2815, 1, 0, 0, 1
2816, 1, 0, 0, 0
2817, 1, 1, 0, 1
2818, 0, 0, 0, 1
2819, 0, 0, 0, 0
2820, 1, 0, 0, 0
2821, 1, 0, 0, 0
2822, 1, 1, 1, 1
2823, 1, 0, 0, 0
2824, 1, 0, 0, 1
2825, 0, 0, 1, 1
2826, 0, 0, 0, 0
2827, 1, 1, 1, 1
2828, 0, 1, 0, 0
2829, 0, 1, 0, 0
2830, 1, 0, 0, 0
2831, 1, 0, 0, 0
2832, 0, 1, 1, 0
2833, 1, 0, 1, 1
2834, 1, 1, 1, 1
2835, 0, 0, 0, 0
2836, 1, 0, 0, 1
2837, 1, 1, 1, 1
2838, 0, 0, 0, 0
2839, 1, 1, 1, 1
2840, 1, 1, 0, 0
2841, 1, 1, 0, 1
2842, 0, 0, 1, 0
2843, 0, 0, 0, 0
2844, 0, 0, 0, 1
2845, 1, 1, 1, 0
2846, 0, 0, 0, 0
2847, 1, 0, 0, 0
2848, 1, 0, 0, 1
2849, 1, 1, 0, 1
2850, 1, 0, 0, 0
2851, 0, 0, 1, 0
2852, 1, 0, 0, 0
2853, 1, 0, 0, 0
2854, 1, 0, 0, 0
2855, 1, 0, 0, 1
2856, 1, 0, 0, 0
2857, 1, 1, 0, 1
2858, 1, 0, 1, 1
2859, 1, 0, 0, 1
2860, 1, 0, 1, 1
2861, 1, 0, 0, 0
2862, 1, 0, 0, 0
2863, 0, 0, 0, 1
2864, 1, 0, 0, 0
2865, 1, 1, 1, 1
2866, 1, 0, 0, 0
2867, 0, 0, 0, 0
2868, 0, 0, 0, 0
2869, 0, 0, 0, 0
2870, 1, 0, 0, 1
2871, 0, 0, 0, 0
2872, 1, 0, 0, 1
2873, 1, 0, 0, 1
2874, 1, 0, 0, 1
2875, 1, 0, 0, 0
2876, 1, 0, 1, 1
2877, 0, 0, 0, 0
2878, 0, 0, 0, 1
2879, 1, 0, 0, 0
2880, 0, 1, 0, 0
2881, 0, 0, 0, 0
2882, 0, 0, 0, 0
2883, 1, 0, 0, 1
2884, 1, 1, 0, 1
2885, 1, 0, 0, 0
2886, 1, 0, 0, 0
2887, 0, 1, 0, 0
2888, 1, 1, 0, 1
2889, 0, 0, 0, 0
2890, 0, 1, 0, 0
2891, 1, 0, 0, 0
2892, 0, 0, 0, 0
2893, 0, 0, 0, 0
2894, 1, 1, 1, 0
2895, 1, 0, 0, 1
2896, 1, 1, 0, 0
2897, 0, 0, 0, 0
2898, 1, 0, 0, 1
2899, 0, 0, 0, 1
2900, 0, 0, 0, 0
2901, 0, 0, 0, 1
2902, 1, 0, 0, 1
2903, 0, 0, 0, 1
2904, 1, 0, 0, 0
2905, 0, 0, 1, 1
2906, 1, 0, 1, 1
2907, 1, 0, 0, 1
2908, 1, 0, 0, 0
2909, 0, 0, 0, 1
2910, 0, 0, 0, 0
2911, 1, 1, 1, 1
2912, 0, 0, 0, 0
2913, 1, 0, 1, 0
2914, 1, 0, 0, 0
2915, 0, 1, 0, 1
2916, 0, 0, 0, 0
2917, 0, 0, 0, 1
2918, 1, 1, 1, 1
2919, 0, 0, 0, 0
2920, 1, 1, 1, 0
2921, 0, 0, 0, 1
2922, 1, 0, 1, 1
2923, 1, 1, 1, 1
2924, 1, 0, 1, 0
2925, 0, 0, 0, 1
2926, 1, 0, 0, 0
2927, 1, 0, 0, 0
2928, 0, 0, 0, 1
2929, 0, 0, 1, 1
2930, 0, 0, 0, 1
2931, 0, 0, 0, 0
2932, 1, 0, 0, 0
2933, 1, 1, 1, 1
2934, 1, 0, 1, 0
2935, 1, 0, 0, 0
2936, 1, 0, 0, 1
2937, 0, 0, 0, 0
2938, 0, 1, 0, 0
2939, 0, 0, 0, 0
2940, 1, 1, 1, 1
2941, 0, 0, 0, 0
2942, 1, 0, 1, 0
2943, 0, 1, 0, 0
2944, 1, 1, 1, 1
2945, 0, 0, 0, 0
2946, 0, 0, 0, 0
2947, 1, 0, 0, 0
2948, 1, 1, 0, 1
2949, 0, 0, 0, 0
2950, 1, 1, 0, 1
2951, 1, 0, 0, 1
2952, 1, 1, 1, 1
2953, 1, 1, 0, 1
2954, 1, 0, 0, 0
2955, 0, 0, 1, 1
2956, 0, 0, 0, 0
2957, 1, 1, 0, 0
2958, 0, 0, 0, 0
2959, 0, 1, 0, 0
2960, 1, 1, 1, 1
2961, 1, 1, 1, 0
2962, 1, 0, 0, 1
2963, 0, 0, 0, 1
2964, 0, 0, 0, 0
2965, 1, 0, 0, 0
2966, 1, 1, 1, 0
2967, 1, 1, 0, 1
2968, 1, 0, 0, 1
2969, 0, 0, 0, 1
2970, 1, 0, 0, 1
2971, 1, 0, 0, 1
2972, 1, 1, 1, 0
2973, 0, 0, 0, 1
2974, 0, 0, 1, 1
2975, 0, 0, 0, 0
2976, 1, 0, 0, 0
2977, 0, 0, 0, 1
2978, 1, 0, 1, 0
2979, 0, 0, 0, 0
2980, 0, 0, 0, 0
2981, 1, 0, 0, 1
2982, 0, 0, 0, 0
2983, 1, 1, 0, 1
2984, 0, 0, 0, 0
2985, 0, 1, 1, 0
2986, 0, 0, 0, 0
2987, 1, 0, 0, 1
2988, 0, 0, 0, 1
2989, 1, 0, 1, 1
2990, 1, 1, 0, 1
2991, 1, 0, 0, 0
2992, 0, 1, 1, 1
2993, 1, 0, 0, 1
2994, 1, 0, 0, 0
2995, 0, 0, 0, 0
2996, 1, 0, 0, 0
2997, 0, 0, 0, 1
2998, 1, 0, 0, 0
2999, 1, 1, 0, 1
3000, 1, 0, 1, 0
3001, 0, 0, 0, 0
3002, 1, 0, 1, 1
3003, 0, 0, 0, 0
3004, 1, 0, 1, 0
3005, 1, 0, 0, 1
3006, 1, 0, 0, 0
3007, 1, 1, 0, 1
3008, 1, 0, 0, 1
3009, 0, 0, 0, 0
3010, 1, 0, 0, 1
3011, 0, 0, 0, 1
3012, 0, 1, 1, 1
3013, 0, 0, 0, 0
3014, 1, 0, 1, 1
3015, 0, 0, 0, 0
3016, 1, 0, 0, 0
3017, 1, 0, 1, 0
3018, 1, 0, 0, 1
3019, 1, 1, 1, 1
3020, 0, 0, 0, 0
3021, 1, 0, 0, 0
3022, 1, 0, 0, 1
3023, 0, 0, 0, 0
3024, 1, 0, 0, 1
3025, 0, 1, 0, 1
3026, 0, 0, 0, 0
3027, 1, 0, 0, 0
3028, 1, 0, 0, 0
3029, 1, 1, 1, 0
3030, 1, 0, 0, 1
3031, 1, 0, 0, 0
3032, 1, 0, 0, 0
3033, 1, 0, 0, 1
3034, 0, 0, 0, 0
3035, 0, 1, 0, 0
3036, 0, 0, 0, 0
3037, 1, 0, 0, 1
3038, 1, 0, 0, 0
3039, 1, 0, 0, 0
3040, 0, 0, 0, 0
3041, 0, 0, 0, 0
3042, 1, 0, 0, 1
3043, 1, 0, 0, 1
3044, 0, 0, 0, 0
3045, 1, 0, 0, 0
3046, 1, 1, 1, 1
3047, 1, 0, 0, 1
3048, 0, 0, 0, 0
3049, 1, 0, 0, 1
3050, 0, 0, 0, 0
3051, 1, 0, 0, 0
3052, 1, 0, 0, 1
3053, 0, 0, 0, 1
3054, 0, 0, 0, 1
3055, 0, 0, 0, 0
3056, 0, 1, 0, 0
3057, 1, 0, 0, 0
3058, 0, 0, 1, 0
3059, 0, 0, 0, 0
3060, 1, 0, 1, 1
3061, 0, 0, 1, 0
3062, 1, 1, 1, 1
3063, 0, 0, 1, 0
3064, 1, 1, 0, 0
3065, 1, 0, 0, 0
3066, 0, 0, 0, 0
3067, 0, 0, 0, 0
3068, 0, 0, 0, 0
3069, 1, 0, 0, 0
3070, 1, 1, 0, 0
3071, 1, 0, 0, 0
3072, 1, 0, 0, 1
3073, 0, 0, 0, 0
3074, 0, 0, 0, 1
3075, 0, 1, 0, 1
3076, 1, 1, 1, 0
3077, 1, 0, 1, 1
3078, 0, 0, 1, 0
3079, 1, 0, 0, 1
3080, 0, 0, 0, 0
3081, 1, 0, 0, 0
3082, 1, 0, 0, 1
3083, 1, 0, 0, 0
3084, 0, 0, 1, 0
3085, 0, 0, 0, 0
3086, 1, 0, 0, 0
3087, 0, 0, 0, 0
3088, 0, 0, 1, 1
3089, 0, 1, 0, 0
3090, 1, 0, 0, 1
3091, 0, 0, 0, 1
3092, 1, 1, 0, 1
3093, 0, 0, 0, 0
3094, 1, 1, 1, 1
3095, 1, 0, 0, 1
3096, 1, 1, 1, 0
3097, 1, 0, 0, 1
3098, 1, 0, 0, 0
3099, 1, 0, 0, 0
3100, 0, 1, 0, 1
3101, 0, 1, 1, 0
3102, 1, 0, 1, 0
3103, 1, 0, 1, 1
3104, 1, 0, 1, 1
3105, 1, 0, 0, 1
3106, 1, 1, 1, 0
3107, 1, 1, 0, 0
3108, 1, 0, 0, 1
3109, 0, 0, 0, 1
3110, 1, 0, 0, 1
3111, 1, 0, 0, 1
3112, 1, 0, 0, 1
3113, 0, 0, 0, 0
3114, 1, 1, 0, 0
3115, 0, 0, 0, 0
3116, 0, 0, 0, 1
3117, 1, 0, 1, 0
3118, 0, 0, 0, 1
3119, 0, 0, 0, 0
3120, 1, 1, 1, 0
3121, 1, 0, 0, 1
3122, 0, 0, 0, 0
3123, 1, 0, 0, 0
3124, 1, 0, 0, 1
3125, 0, 0, 1, 1
3126, 0, 1, 0, 0
3127, 1, 0, 0, 0
3128, 0, 1, 0, 0
3129, 0, 0, 0, 1
3130, 1, 0, 0, 1
3131, 0, 1, 1, 1
3132, 0, 0, 0, 0
3133, 0, 1, 0, 0
3134, 0, 0, 1, 0
3135, 0, 1, 1, 0
3136, 1, 0, 0, 0
3137, 0, 0, 0, 0
3138, 1, 0, 0, 1
3139, 1, 1, 0, 1
3140, 1, 0, 1, 0
3141, 1, 0, 0, 1
3142, 1, 0, 0, 0
3143, 1, 0, 0, 0
3144, 0, 0, 0, 0
3145, 0, 0, 0, 0
3146, 0, 1, 0, 0
3147, 1, 0, 0, 1
3148, 0, 0, 0, 0
3149, 1, 0, 0, 0
3150, 1, 0, 0, 1
3151, 1, 0, 0, 0
3152, 1, 0, 0, 1
3153, 1, 1, 0, 0
3154, 0, 0, 0, 0
3155, 1, 0, 0, 1
3156, 1, 0, 0, 1
3157, 1, 1, 0, 0
3158, 1, 0, 0, 0
3159, 0, 0, 0, 1
3160, 1, 0, 0, 0
3161, 1, 0, 0, 0
3162, 0, 0, 0, 0
3163, 0, 0, 0, 0
3164, 1, 1, 1, 1
3165, 1, 0, 0, 1
3166, 1, 0, 0, 0
3167, 0, 0, 0, 0
3168, 1, 0, 0, 1
3169, 0, 0, 0, 0
3170, 1, 0, 0, 1
3171, 1, 0, 0, 0
3172, 1, 0, 0, 0
3173, 0, 0, 0, 1
3174, 0, 0, 0, 0
3175, 1, 0, 1, 1
3176, 1, 0, 0, 0
3177, 0, 0, 0, 1
3178, 0, 1, 0, 0
3179, 1, 0, 0, 0
3180, 0, 0, 0, 1
3181, 1, 1, 1, 0
3182, 1, 0, 0, 0
3183, 0, 0, 0, 0
3184, 1, 1, 1, 0
3185, 1, 0, 0, 0
3186, 1, 1, 1, 0
3187, 1, 0, 0, 0
3188, 0, 0, 0, 0
3189, 0, 0, 0, 1
3190, 0, 0, 0, 0
3191, 1, 1, 1, 1
3192, 0, 0, 0, 0
3193, 1, 0, 0, 0
3194, 1, 0, 0, 0
3195, 0, 0, 0, 0
3196, 1, 0, 0, 1
3197, 1, 0, 0, 0
3198, 1, 0, 0, 0
3199, 0, 0, 0, 0
3200, 0, 0, 0, 0
3201, 1, 1, 0, 1
3202, 0, 0, 0, 1
3203, 1, 0, 0, 1
3204, 0, 0, 0, 0
3205, 1, 0, 0, 1
3206, 1, 0, 1, 0
3207, 1, 0, 0, 1
3208, 1, 1, 0, 0
3209, 1, 0, 0, 1
3210, 1, 1, 0, 1
3211, 1, 0, 0, 1
3212, 0, 0, 0, 0
3213, 0, 0, 0, 1
3214, 0, 0, 0, 1
3215, 0, 0, 0, 0
3216, 1, 0, 0, 1
3217, 1, 0, 0, 0
3218, 0, 0, 0, 0
3219, 1, 1, 0, 1
3220, 1, 1, 1, 1
3221, 1, 0, 0, 1
3222, 1, 0, 0, 0
3223, 0, 0, 0, 1
3224, 1, 1, 1, 0
3225, 0, 0, 0, 0
3226, 1, 0, 0, 0
3227, 0, 0, 0, 0
3228, 0, 0, 0, 0
3229, 0, 0, 0, 0
3230, 0, 0, 0, 1
3231, 1, 0, 1, 1
3232, 1, 0, 0, 1
3233, 1, 0, 0, 0
3234, 1, 1, 1, 1
3235, 1, 0, 0, 1
3236, 0, 1, 0, 1
3237, 0, 1, 0, 1
3238, 0, 0, 0, 0
3239, 0, 0, 0, 0
3240, 0, 0, 0, 1
3241, 0, 0, 0, 0
3242, 1, 1, 1, 1
3243, 1, 1, 0, 1
3244, 0, 0, 0, 1
3245, 1, 1, 1, 1
3246, 1, 0, 0, 0
3247, 0, 0, 0, 0
3248, 0, 0, 0, 1
3249, 1, 1, 1, 1
3250, 0, 0, 1, 0
3251, 1, 0, 0, 0
3252, 0, 0, 0, 0
3253, 0, 0, 0, 0
3254, 0, 0, 0, 1
3255, 1, 1, 0, 1
3256, 1, 0, 0, 1
3257, 1, 0, 0, 0
3258, 0, 0, 0, 0
3259, 1, 0, 0, 0
3260, 1, 1, 0, 1
3261, 1, 0, 1, 1
3262, 0, 0, 0, 1
3263, 0, 1, 0, 0
3264, 0, 0, 0, 1
3265, 0, 0, 1, 0
3266, 0, 1, 1, 0
3267, 0, 0, 0, 1
3268, 1, 0, 0, 1
3269, 1, 0, 0, 0
3270, 1, 0, 0, 1
3271, 1, 0, 0, 0
3272, 1, 1, 0, 0
3273, 1, 1, 1, 1
3274, 1, 1, 0, 1
3275, 0, 0, 0, 1
3276, 1, 0, 0, 0
3277, 1, 0, 0, 1
3278, 1, 0, 0, 1
3279, 1, 1, 0, 1
3280, 0, 1, 1, 1
3281, 1, 0, 0, 1
3282, 0, 0, 0, 1
3283, 0, 0, 0, 1
3284, 1, 0, 0, 1
3285, 0, 0, 0, 0
3286, 0, 0, 0, 0
3287, 0, 0, 0, 1
3288, 0, 0, 1, 0
3289, 1, 0, 0, 0
3290, 0, 1, 1, 1
3291, 1, 0, 0, 0
3292, 1, 1, 1, 1
3293, 1, 1, 0, 1
3294, 0, 0, 0, 0
3295, 0, 0, 0, 0
3296, 1, 0, 0, 0
3297, 1, 0, 0, 0
3298, 1, 0, 0, 0
3299, 1, 0, 0, 0
3300, 1, 0, 0, 0
3301, 1, 0, 0, 0
3302, 1, 0, 1, 0
3303, 1, 0, 0, 1
3304, 1, 0, 1, 1
3305, 1, 0, 1, 1
3306, 1, 0, 0, 0
3307, 1, 0, 0, 0
3308, 1, 0, 0, 0
3309, 1, 0, 0, 0
3310, 0, 0, 0, 1
3311, 1, 1, 1, 0
3312, 1, 0, 0, 1
3313, 0, 0, 0, 0
3314, 0, 0, 1, 0
3315, 1, 0, 0, 1
3316, 0, 0, 0, 1
3317, 1, 0, 1, 1
3318, 0, 1, 1, 1
3319, 1, 0, 0, 0
3320, 0, 0, 0, 1
3321, 1, 0, 0, 1
3322, 0, 0, 0, 0
3323, 1, 0, 0, 1
3324, 1, 1, 1, 1
3325, 0, 0, 0, 0
3326, 1, 0, 0, 1
3327, 1, 1, 0, 1
3328, 1, 0, 0, 0
3329, 1, 1, 0, 0
3330, 1, 0, 0, 0
3331, 0, 0, 0, 0
3332, 0, 0, 0, 1
3333, 0, 0, 0, 0
3334, 0, 0, 0, 0
3335, 0, 1, 1, 1
3336, 0, 0, 0, 0
3337, 0, 0, 0, 0
3338, 1, 0, 1, 0
3339, 1, 1, 0, 1
3340, 0, 0, 0, 0
3341, 1, 0, 0, 1
3342, 1, 1, 1, 1
3343, 1, 0, 0, 1
3344, 1, 0, 0, 0
3345, 0, 0, 0, 0
3346, 1, 0, 0, 1
3347, 0, 0, 0, 1
3348, 1, 0, 0, 0
3349, 1, 1, 0, 1
3350, 1, 1, 0, 0
3351, 0, 0, 0, 0
3352, 0, 1, 1, 1
3353, 1, 0, 0, 1
3354, 1, 0, 1, 1
3355, 1, 0, 0, 1
3356, 1, 1, 1, 1
3357, 1, 0, 0, 1
3358, 1, 1, 1, 1
3359, 1, 0, 0, 0
3360, 0, 0, 0, 0
3361, 1, 1, 1, 1
3362, 0, 0, 0, 0
3363, 1, 1, 0, 0
3364, 0, 0, 1, 0
3365, 0, 0, 0, 0
3366, 1, 0, 0, 1
3367, 1, 1, 0, 0
3368, 1, 1, 0, 0
3369, 1, 0, 0, 1
3370, 1, 0, 0, 0
3371, 0, 0, 0, 0
3372, 1, 0, 0, 1
3373, 1, 0, 0, 1
3374, 1, 0, 0, 0
3375, 1, 1, 1, 1
3376, 1, 1, 0, 1
3377, 0, 0, 0, 0
3378, 0, 0, 0, 1
3379, 0, 0, 1, 0
3380, 0, 1, 1, 0
3381, 1, 1, 1, 1
3382, 0, 0, 0, 1
3383, 1, 0, 0, 1
3384, 1, 1, 0, 1
3385, 0, 0, 0, 0
3386, 1, 0, 0, 1
3387, 1, 0, 0, 1
3388, 0, 0, 0, 1
3389, 1, 1, 0, 1
3390, 0, 1, 0, 1
3391, 0, 0, 0, 0
3392, 0, 0, 0, 0
3393, 0, 0, 0, 0
3394, 0, 0, 0, 0
3395, 1, 0, 0, 1
3396, 1, 0, 0, 1
3397, 1, 0, 0, 1
3398, 0, 0, 0, 0
3399, 0, 0, 0, 0
3400, 1, 1, 1, 0
3401, 1, 0, 0, 0
3402, 1, 0, 0, 0
3403, 1, 1, 1, 1
3404, 0, 0, 0, 1
3405, 1, 0, 0, 1
3406, 0, 1, 0, 0
3407, 0, 0, 0, 0
3408, 0, 0, 0, 0
3409, 0, 1, 1, 0
3410, 0, 0, 0, 0
3411, 0, 0, 0, 0
3412, 1, 0, 0, 0
3413, 0, 0, 0, 1
3414, 1, 1, 0, 1
3415, 1, 0, 0, 1
3416, 0, 0, 0, 0
3417, 0, 0, 0, 1
3418, 1, 0, 0, 0
3419, 0, 0, 0, 1
3420, 0, 0, 0, 1
3421, 0, 0, 0, 0
3422, 1, 0, 1, 1
3423, 1, 0, 0, 1
3424, 1, 0, 1, 1
3425, 1, 1, 0, 1
3426, 0, 0, 0, 0
3427, 0, 0, 0, 1
3428, 1, 0, 0, 1
3429, 1, 1, 0, 1
3430, 1, 0, 0, 0
3431, 1, 1, 0, 0
3432, 0, 0, 0, 1
3433, 1, 1, 1, 1
3434, 0, 0, 1, 0
3435, 1, 0, 0, 1
3436, 0, 0, 0, 1
3437, 0, 0, 0, 0
3438, 0, 0, 0, 0
3439, 1, 0, 1, 0
3440, 1, 0, 0, 0
3441, 0, 0, 0, 0
3442, 1, 0, 0, 0
3443, 0, 0, 0, 0
3444, 1, 1, 0, 1
3445, 1, 0, 1, 1
3446, 1, 0, 0, 0
3447, 0, 0, 0, 0
3448, 0, 0, 0, 0
3449, 0, 0, 0, 0
3450, 0, 0, 1, 0
3451, 1, 0, 0, 0
3452, 0, 0, 1, 0
3453, 1, 0, 0, 1
3454, 0, 0, 0, 1
3455, 0, 0, 0, 0
3456, 1, 0, 0, 1
3457, 1, 0, 0, 1
3458, 0, 0, 0, 0
3459, 0, 0, 0, 0
3460, 1, 0, 0, 1
3461, 1, 0, 0, 0
3462, 0, 0, 0, 0
3463, 0, 0, 0, 1
3464, 1, 0, 0, 0
3465, 0, 0, 0, 1
3466, 0, 1, 0, 1
3467, 0, 0, 0, 1
3468, 0, 0, 0, 0
3469, 1, 0, 0, 0
3470, 1, 0, 0, 0
3471, 1, 0, 0, 0
3472, 0, 0, 0, 0
3473, 0, 0, 0, 1
3474, 0, 0, 0, 0
3475, 0, 0, 0, 0
3476, 0, 0, 0, 0
3477, 0, 0, 0, 0
3478, 1, 0, 0, 1
3479, 1, 0, 0, 1
3480, 0, 0, 0, 0
3481, 0, 0, 0, 0
3482, 1, 1, 0, 0
3483, 1, 0, 0, 0
3484, 1, 0, 0, 1
3485, 1, 0, 0, 1
3486, 0, 1, 1, 1
3487, 1, 1, 0, 1
3488, 1, 0, 0, 1
3489, 1, 1, 1, 0
3490, 0, 0, 0, 0
3491, 0, 0, 0, 0
3492, 0, 0, 1, 0
3493, 1, 0, 0, 0
3494, 0, 0, 0, 0
3495, 1, 1, 1, 1
3496, 1, 0, 0, 1
3497, 0, 0, 0, 1
3498, 1, 0, 0, 0
3499, 0, 0, 0, 0
3500, 0, 0, 0, 0
3501, 0, 1, 1, 0
3502, 1, 0, 0, 1
3503, 0, 0, 0, 0
3504, 1, 0, 0, 0
3505, 0, 0, 0, 1
3506, 1, 0, 0, 1
3507, 1, 0, 0, 0
3508, 1, 0, 0, 0
3509, 0, 1, 1, 1
3510, 1, 1, 1, 1
3511, 1, 0, 0, 1
3512, 1, 0, 0, 0
3513, 0, 0, 0, 0
3514, 1, 0, 0, 0
3515, 1, 1, 1, 1
3516, 1, 1, 0, 1
3517, 0, 0, 0, 0
3518, 1, 0, 0, 0
3519, 1, 0, 0, 0
3520, 1, 0, 0, 0
3521, 0, 0, 0, 0
3522, 1, 0, 0, 1
3523, 0, 0, 0, 0
3524, 1, 0, 1, 1
3525, 0, 0, 0, 0
3526, 1, 0, 1, 1
3527, 0, 0, 0, 0
3528, 1, 0, 1, 1
3529, 0, 0, 0, 0
3530, 1, 0, 0, 1
3531, 0, 0, 0, 1
3532, 0, 0, 0, 0
3533, 0, 0, 0, 0
3534, 1, 0, 0, 0
3535, 1, 0, 0, 1
3536, 1, 0, 0, 1
3537, 0, 0, 0, 0
3538, 1, 0, 0, 1
3539, 1, 0, 0, 0
3540, 0, 0, 0, 1
3541, 1, 1, 0, 0
3542, 1, 0, 0, 1
3543, 1, 0, 0, 1
3544, 0, 0, 0, 1
3545, 1, 0, 0, 1
3546, 0, 0, 0, 0
3547, 0, 0, 0, 1
3548, 0, 0, 0, 0
3549, 1, 0, 0, 1
3550, 0, 0, 0, 1
3551, 1, 0, 0, 0
3552, 0, 0, 0, 0
3553, 0, 0, 0, 0
3554, 0, 0, 0, 0
3555, 1, 1, 0, 1
3556, 1, 1, 1, 1
3557, 0, 0, 0, 0
3558, 1, 0, 0, 1
3559, 0, 0, 0, 0
3560, 0, 0, 0, 0
3561, 1, 0, 0, 0
3562, 0, 1, 1, 1
3563, 1, 0, 0, 1
3564, 1, 1, 1, 0
3565, 1, 1, 0, 0
3566, 1, 0, 0, 0
3567, 1, 0, 0, 0
3568, 1, 0, 0, 1
3569, 1, 0, 0, 1
3570, 0, 1, 0, 0
3571, 1, 1, 0, 1
3572, 0, 0, 0, 1
3573, 1, 1, 1, 0
3574, 0, 1, 0, 0
3575, 1, 0, 1, 1
3576, 0, 0, 1, 1
3577, 1, 1, 0, 1
3578, 0, 0, 0, 1
3579, 1, 0, 0, 1
3580, 0, 0, 0, 1
3581, 1, 0, 0, 0
3582, 1, 0, 1, 0
3583, 1, 0, 0, 0
3584, 1, 1, 1, 0
3585, 1, 0, 0, 0
3586, 0, 0, 1, 0
3587, 1, 1, 0, 1
3588, 1, 1, 1, 0
3589, 0, 0, 1, 0
3590, 0, 0, 1, 0
3591, 0, 0, 1, 1
3592, 1, 0, 0, 0
3593, 0, 0, 0, 0
3594, 1, 0, 0, 0
3595, 0, 0, 0, 1
3596, 0, 0, 0, 0
3597, 1, 0, 0, 0
3598, 0, 0, 0, 0
3599, 0, 1, 0, 1
3600, 1, 0, 0, 1
3601, 1, 0, 0, 1
3602, 0, 0, 0, 0
3603, 1, 0, 0, 1
3604, 1, 0, 0, 0
3605, 1, 1, 0, 0
3606, 1, 0, 1, 0
3607, 0, 1, 1, 1
3608, 1, 0, 0, 1
3609, 0, 0, 0, 0
3610, 1, 0, 0, 1
3611, 0, 0, 0, 0
3612, 1, 0, 0, 1
3613, 1, 0, 0, 1
3614, 0, 0, 0, 0
3615, 1, 1, 0, 1
3616, 1, 1, 1, 1
3617, 1, 0, 0, 1
3618, 0, 1, 0, 1
3619, 0, 0, 1, 0
3620, 0, 0, 0, 0
3621, 0, 0, 0, 0
3622, 0, 0, 0, 0
3623, 0, 0, 0, 0
3624, 0, 1, 0, 1
3625, 0, 0, 0, 0
3626, 1, 0, 1, 1
3627, 0, 1, 0, 0
3628, 0, 0, 0, 0
3629, 0, 0, 0, 0
3630, 0, 0, 1, 0
3631, 1, 0, 0, 0
3632, 0, 1, 1, 0
3633, 1, 0, 0, 0
3634, 0, 0, 1, 1
3635, 1, 1, 1, 0
3636, 1, 0, 0, 1
3637, 0, 0, 0, 1
3638, 1, 0, 0, 1
3639, 1, 0, 0, 0
3640, 0, 0, 0, 0
3641, 1, 0, 0, 1
3642, 1, 0, 0, 1
3643, 1, 0, 1, 0
3644, 1, 0, 0, 0
3645, 1, 0, 1, 1
3646, 0, 0, 0, 0
3647, 0, 0, 0, 0
3648, 0, 0, 0, 1
3649, 0, 1, 1, 1
3650, 0, 1, 0, 0
3651, 0, 0, 0, 1
3652, 0, 0, 0, 0
3653, 0, 0, 0, 0
3654, 1, 0, 0, 0
3655, 0, 0, 0, 0
3656, 0, 0, 0, 0
3657, 0, 0, 0, 1
3658, 1, 1, 1, 1
3659, 0, 0, 0, 0
3660, 1, 0, 0, 0
3661, 0, 1, 1, 0
3662, 1, 0, 0, 0
3663, 1, 0, 0, 1
3664, 1, 0, 1, 0
3665, 0, 0, 0, 1
3666, 0, 0, 0, 0
3667, 0, 0, 0, 0
3668, 0, 0, 0, 0
3669, 0, 0, 0, 0
3670, 0, 0, 0, 0
3671, 1, 0, 0, 1
3672, 1, 0, 0, 0
3673, 0, 0, 0, 0
3674, 1, 0, 0, 0
3675, 1, 0, 1, 1
3676, 0, 0, 0, 0
3677, 0, 0, 0, 1
3678, 0, 0, 0, 0
3679, 1, 0, 0, 0
3680, 0, 0, 0, 0
3681, 0, 0, 0, 0
3682, 0, 0, 0, 1
3683, 0, 0, 0, 0
3684, 0, 1, 1, 1
3685, 1, 1, 1, 0
3686, 1, 1, 1, 1
3687, 1, 0, 0, 1
3688, 1, 0, 0, 0
3689, 1, 0, 0, 0
3690, 1, 0, 0, 1
3691, 0, 0, 0, 1
3692, 0, 0, 0, 0
3693, 1, 0, 0, 0
3694, 0, 0, 0, 0
3695, 0, 1, 1, 1
3696, 1, 1, 1, 0
3697, 0, 0, 1, 1
3698, 1, 0, 1, 0
3699, 0, 0, 0, 0
3700, 1, 1, 1, 1
3701, 0, 1, 1, 0
3702, 1, 0, 1, 0
3703, 0, 0, 0, 1
3704, 1, 0, 0, 0
3705, 1, 0, 0, 1
3706, 0, 0, 0, 1
3707, 1, 0, 0, 0
3708, 1, 0, 0, 0
3709, 1, 0, 0, 1
3710, 1, 0, 0, 0
3711, 1, 0, 0, 1
3712, 0, 0, 0, 0
3713, 0, 0, 1, 0
3714, 0, 0, 0, 0
3715, 1, 0, 0, 1
3716, 1, 1, 0, 0
3717, 0, 0, 0, 0
3718, 1, 0, 0, 1
3719, 0, 0, 0, 0
3720, 0, 0, 0, 0
3721, 0, 0, 0, 1
3722, 1, 0, 0, 1
3723, 1, 0, 0, 1
3724, 1, 1, 1, 1
3725, 0, 0, 0, 1
3726, 1, 1, 1, 1
3727, 0, 0, 0, 0
3728, 0, 0, 0, 1
3729, 0, 0, 0, 0
3730, 1, 0, 0, 0
3731, 1, 0, 0, 0
3732, 1, 1, 0, 1
3733, 0, 0, 0, 0
3734, 1, 0, 0, 1
3735, 0, 1, 0, 0
3736, 0, 0, 0, 0
3737, 1, 0, 0, 1
3738, 0, 0, 0, 0
3739, 1, 0, 0, 1
3740, 0, 0, 0, 0
3741, 1, 0, 0, 1
3742, 1, 0, 0, 0
3743, 0, 1, 1, 0
3744, 0, 0, 1, 1
3745, 1, 0, 1, 0
3746, 0, 0, 1, 0
3747, 0, 0, 0, 0
3748, 0, 0, 0, 0
3749, 0, 0, 0, 0
3750, 0, 0, 0, 0
