Index,SF, UxF, UyF, BF 
1, 0, 0, 0, 0
2, 0, 0, 1, 1
3, 0, 0, 0, 0
4, 1, 0, 0, 1
5, 0, 0, 0, 0
6, 0, 1, 1, 1
7, 1, 1, 0, 1
8, 0, 0, 1, 1
9, 0, 0, 1, 1
10, 1, 1, 1, 0
11, 1, 0, 0, 1
12, 0, 0, 0, 0
13, 0, 1, 0, 0
14, 0, 0, 1, 0
15, 0, 0, 0, 1
16, 1, 0, 0, 1
17, 1, 0, 0, 0
18, 0, 0, 0, 1
19, 0, 1, 0, 1
20, 1, 0, 0, 1
21, 0, 1, 0, 0
22, 0, 0, 0, 1
23, 1, 0, 0, 1
24, 0, 0, 0, 1
25, 1, 0, 0, 1
26, 0, 0, 1, 1
27, 0, 0, 0, 0
28, 0, 0, 0, 1
29, 1, 0, 1, 0
30, 0, 1, 0, 1
31, 0, 0, 0, 1
32, 0, 0, 0, 1
33, 0, 1, 1, 1
34, 0, 0, 1, 0
35, 1, 0, 0, 0
36, 1, 0, 0, 1
37, 0, 1, 1, 1
38, 0, 0, 0, 0
39, 0, 0, 1, 1
40, 1, 1, 0, 0
41, 0, 1, 1, 0
42, 0, 0, 0, 0
43, 0, 1, 0, 1
44, 1, 1, 1, 0
45, 0, 0, 0, 1
46, 1, 0, 0, 1
47, 0, 0, 0, 1
48, 0, 1, 1, 0
49, 0, 0, 0, 1
50, 1, 0, 0, 1
51, 1, 0, 0, 1
52, 0, 1, 1, 1
53, 0, 1, 1, 1
54, 1, 1, 0, 1
55, 1, 0, 0, 1
56, 1, 1, 1, 0
57, 1, 0, 0, 1
58, 1, 0, 0, 1
59, 1, 0, 1, 1
60, 0, 0, 1, 1
61, 0, 0, 0, 1
62, 1, 0, 0, 0
63, 0, 0, 0, 1
64, 1, 1, 1, 1
65, 1, 0, 1, 1
66, 1, 0, 0, 1
67, 1, 1, 1, 0
68, 1, 1, 1, 1
69, 0, 0, 0, 1
70, 0, 0, 1, 0
71, 0, 0, 0, 1
72, 0, 1, 0, 0
73, 0, 0, 0, 0
74, 1, 0, 0, 1
75, 0, 0, 0, 1
76, 0, 0, 0, 0
77, 1, 0, 0, 1
78, 1, 0, 0, 1
79, 1, 0, 0, 1
80, 0, 0, 0, 0
81, 0, 1, 1, 1
82, 1, 0, 0, 0
83, 1, 1, 0, 0
84, 0, 0, 1, 1
85, 1, 0, 0, 0
86, 1, 0, 0, 0
87, 0, 0, 0, 1
88, 1, 1, 1, 1
89, 1, 0, 0, 1
90, 0, 0, 0, 0
91, 0, 1, 1, 1
92, 1, 1, 0, 0
93, 0, 0, 1, 0
94, 0, 0, 0, 1
95, 1, 0, 0, 0
96, 1, 1, 1, 1
97, 0, 1, 0, 0
98, 1, 0, 0, 0
99, 0, 0, 0, 0
100, 0, 1, 0, 0
101, 1, 0, 0, 1
102, 1, 0, 0, 1
103, 0, 0, 0, 0
104, 1, 1, 1, 1
105, 0, 0, 0, 1
106, 0, 1, 1, 1
107, 1, 1, 0, 1
108, 1, 0, 0, 0
109, 1, 0, 0, 1
110, 0, 0, 0, 1
111, 1, 0, 0, 1
112, 0, 1, 1, 1
113, 1, 0, 0, 1
114, 1, 0, 0, 1
115, 0, 1, 0, 0
116, 0, 0, 1, 1
117, 0, 1, 0, 0
118, 1, 1, 0, 1
119, 1, 0, 0, 1
120, 0, 1, 0, 1
121, 0, 0, 0, 0
122, 0, 1, 0, 0
123, 0, 0, 0, 0
124, 1, 1, 1, 1
125, 1, 1, 1, 1
126, 0, 1, 0, 0
127, 1, 1, 0, 1
128, 0, 0, 1, 1
129, 1, 0, 1, 1
130, 1, 0, 0, 1
131, 0, 1, 1, 1
132, 0, 0, 0, 1
133, 1, 1, 0, 0
134, 1, 0, 0, 0
135, 0, 1, 1, 1
136, 0, 0, 0, 0
137, 0, 0, 0, 1
138, 1, 0, 0, 0
139, 0, 0, 0, 0
140, 0, 0, 0, 0
141, 0, 0, 0, 1
142, 1, 0, 1, 0
143, 1, 1, 1, 1
144, 0, 0, 1, 1
145, 1, 0, 0, 0
146, 1, 0, 0, 0
147, 1, 0, 1, 1
148, 1, 0, 0, 1
149, 0, 0, 0, 1
150, 0, 1, 0, 1
151, 1, 1, 1, 0
152, 1, 0, 1, 1
153, 1, 0, 1, 1
154, 0, 0, 0, 0
155, 1, 0, 0, 1
156, 0, 0, 1, 1
157, 0, 0, 0, 0
158, 1, 0, 0, 0
159, 1, 0, 0, 1
160, 0, 1, 0, 1
161, 1, 0, 0, 1
162, 0, 0, 0, 0
163, 1, 0, 0, 1
164, 0, 1, 1, 1
165, 1, 0, 0, 0
166, 1, 1, 1, 0
167, 1, 0, 0, 1
168, 0, 0, 1, 1
169, 1, 1, 0, 0
170, 1, 0, 0, 0
171, 0, 0, 0, 0
172, 0, 0, 1, 1
173, 1, 0, 0, 0
174, 0, 0, 0, 0
175, 1, 0, 0, 1
176, 1, 0, 0, 0
177, 0, 0, 0, 0
178, 0, 0, 0, 0
179, 1, 1, 0, 1
180, 1, 1, 1, 1
181, 1, 0, 0, 1
182, 1, 0, 1, 1
183, 1, 0, 0, 1
184, 1, 1, 1, 0
185, 1, 0, 0, 1
186, 1, 0, 0, 0
187, 1, 0, 0, 1
188, 0, 1, 1, 0
189, 0, 1, 1, 1
190, 1, 0, 0, 0
191, 0, 0, 0, 0
192, 1, 0, 0, 1
193, 1, 0, 0, 0
194, 0, 0, 0, 1
195, 0, 0, 0, 0
196, 0, 0, 0, 0
197, 1, 0, 0, 1
198, 1, 1, 1, 0
199, 0, 0, 0, 0
200, 1, 0, 0, 1
201, 1, 0, 0, 0
202, 0, 0, 0, 0
203, 0, 1, 1, 1
204, 0, 0, 0, 1
205, 0, 0, 0, 1
206, 1, 1, 0, 0
207, 0, 1, 0, 0
208, 0, 0, 0, 0
209, 0, 1, 1, 1
210, 1, 1, 1, 0
211, 0, 0, 1, 1
212, 0, 0, 0, 1
213, 1, 1, 0, 1
214, 1, 0, 0, 1
215, 1, 0, 0, 1
216, 1, 1, 0, 0
217, 0, 0, 0, 0
218, 0, 0, 0, 0
219, 1, 1, 1, 1
220, 1, 0, 0, 1
221, 1, 0, 0, 0
222, 0, 1, 0, 1
223, 0, 0, 0, 1
224, 1, 1, 0, 1
225, 1, 1, 1, 1
226, 0, 0, 1, 1
227, 0, 0, 0, 0
228, 0, 1, 1, 1
229, 1, 1, 1, 0
230, 0, 1, 1, 1
231, 1, 1, 0, 0
232, 0, 0, 1, 1
233, 1, 0, 0, 1
234, 1, 1, 0, 0
235, 1, 1, 1, 0
236, 1, 0, 0, 1
237, 1, 0, 0, 1
238, 0, 0, 0, 1
239, 1, 1, 1, 1
240, 0, 1, 0, 0
241, 1, 1, 0, 0
242, 0, 0, 0, 0
243, 1, 0, 1, 1
244, 1, 0, 0, 1
245, 0, 1, 0, 1
246, 1, 0, 0, 0
247, 1, 1, 1, 1
248, 0, 0, 1, 1
249, 1, 0, 0, 1
250, 1, 0, 0, 0
251, 1, 0, 1, 1
252, 1, 0, 0, 1
253, 0, 0, 0, 1
254, 0, 0, 0, 0
255, 0, 0, 0, 1
256, 0, 0, 1, 0
257, 0, 0, 0, 0
258, 0, 0, 1, 0
259, 0, 1, 1, 1
260, 1, 1, 1, 0
261, 0, 0, 0, 0
262, 0, 0, 1, 1
263, 1, 1, 1, 1
264, 1, 0, 1, 0
265, 1, 0, 0, 1
266, 0, 1, 0, 1
267, 1, 0, 0, 1
268, 0, 0, 0, 0
269, 0, 0, 0, 1
270, 1, 0, 0, 1
271, 0, 0, 1, 0
272, 0, 0, 0, 1
273, 0, 0, 0, 0
274, 1, 0, 1, 1
275, 1, 0, 1, 0
276, 0, 1, 0, 1
277, 0, 0, 0, 0
278, 0, 1, 1, 1
279, 0, 1, 1, 1
280, 1, 0, 0, 1
281, 1, 0, 0, 0
282, 1, 1, 1, 0
283, 0, 0, 0, 0
284, 0, 0, 0, 0
285, 1, 0, 0, 1
286, 1, 1, 1, 1
287, 0, 0, 1, 0
288, 0, 0, 1, 0
289, 0, 0, 0, 0
290, 1, 0, 1, 0
291, 0, 0, 1, 1
292, 1, 1, 0, 0
293, 0, 0, 0, 0
294, 0, 0, 0, 1
295, 1, 0, 0, 1
296, 1, 0, 0, 0
297, 0, 0, 0, 0
298, 1, 0, 0, 0
299, 0, 1, 1, 1
300, 0, 0, 0, 1
301, 1, 1, 0, 1
302, 1, 1, 1, 1
303, 0, 0, 0, 1
304, 0, 0, 0, 0
305, 0, 0, 1, 0
306, 0, 0, 1, 1
307, 0, 0, 0, 1
308, 1, 0, 0, 1
309, 0, 0, 1, 1
310, 0, 0, 1, 1
311, 1, 1, 0, 0
312, 1, 0, 0, 1
313, 0, 0, 0, 0
314, 0, 1, 1, 0
315, 1, 0, 0, 0
316, 0, 0, 0, 1
317, 0, 0, 0, 1
318, 0, 0, 0, 1
319, 0, 0, 0, 0
320, 1, 1, 1, 1
321, 1, 0, 0, 0
322, 0, 1, 0, 0
323, 1, 0, 0, 0
324, 1, 0, 0, 1
325, 0, 1, 0, 1
326, 0, 0, 1, 0
327, 1, 1, 0, 1
328, 0, 0, 0, 0
329, 0, 0, 1, 1
330, 1, 0, 0, 1
331, 1, 0, 0, 1
332, 1, 0, 0, 1
333, 0, 1, 1, 1
334, 0, 0, 0, 0
335, 0, 0, 0, 1
336, 0, 0, 0, 1
337, 1, 0, 0, 0
338, 1, 0, 0, 1
339, 0, 0, 1, 0
340, 1, 0, 0, 1
341, 0, 0, 0, 0
342, 0, 1, 0, 0
343, 0, 0, 0, 1
344, 0, 0, 0, 0
345, 0, 1, 0, 0
346, 0, 0, 0, 1
347, 0, 0, 0, 1
348, 1, 1, 0, 1
349, 1, 1, 0, 1
350, 0, 0, 0, 0
351, 1, 1, 0, 0
352, 0, 0, 0, 1
353, 1, 0, 0, 1
354, 1, 0, 0, 0
355, 0, 0, 1, 1
356, 0, 1, 0, 1
357, 1, 1, 1, 0
358, 1, 1, 1, 1
359, 0, 0, 0, 1
360, 1, 0, 0, 1
361, 1, 0, 0, 1
362, 0, 0, 0, 0
363, 1, 0, 0, 0
364, 0, 0, 0, 0
365, 0, 0, 0, 0
366, 1, 0, 1, 0
367, 0, 1, 1, 1
368, 1, 0, 1, 1
369, 1, 0, 0, 1
370, 0, 0, 0, 1
371, 0, 1, 1, 1
372, 1, 0, 0, 1
373, 0, 0, 1, 0
374, 1, 0, 1, 1
375, 1, 0, 0, 0
376, 0, 0, 0, 1
377, 1, 1, 1, 0
378, 1, 0, 0, 0
379, 0, 0, 0, 0
380, 0, 0, 1, 1
381, 0, 0, 0, 0
382, 0, 0, 0, 0
383, 0, 1, 1, 1
384, 0, 1, 0, 1
385, 0, 0, 0, 0
386, 0, 1, 1, 1
387, 0, 0, 0, 1
388, 1, 0, 0, 0
389, 0, 0, 0, 0
390, 0, 0, 0, 0
391, 0, 0, 0, 0
392, 1, 1, 0, 1
393, 1, 1, 1, 1
394, 0, 0, 1, 1
395, 1, 1, 1, 1
396, 0, 0, 0, 1
397, 0, 0, 0, 1
398, 0, 0, 1, 1
399, 0, 0, 0, 1
400, 0, 1, 1, 1
401, 1, 1, 1, 0
402, 0, 0, 0, 1
403, 1, 0, 1, 1
404, 1, 0, 0, 1
405, 0, 0, 1, 1
406, 1, 1, 1, 0
407, 1, 0, 1, 1
408, 1, 1, 0, 1
409, 0, 0, 0, 1
410, 0, 0, 0, 0
411, 0, 0, 0, 1
412, 0, 1, 1, 1
413, 1, 0, 0, 0
414, 0, 0, 0, 0
415, 0, 0, 0, 0
416, 0, 0, 0, 0
417, 0, 0, 0, 1
418, 0, 0, 0, 1
419, 0, 0, 0, 1
420, 1, 0, 0, 1
421, 0, 0, 1, 0
422, 0, 0, 0, 0
423, 0, 0, 0, 1
424, 0, 0, 1, 1
425, 1, 0, 0, 1
426, 1, 1, 0, 0
427, 0, 1, 1, 1
428, 0, 0, 0, 0
429, 1, 0, 0, 1
430, 1, 0, 1, 0
431, 1, 0, 0, 1
432, 1, 0, 0, 1
433, 1, 0, 0, 1
434, 0, 0, 0, 1
435, 1, 1, 1, 0
436, 0, 0, 1, 1
437, 0, 1, 1, 1
438, 1, 0, 0, 0
439, 0, 0, 0, 1
440, 0, 0, 0, 1
441, 1, 0, 0, 1
442, 1, 0, 0, 1
443, 1, 0, 0, 1
444, 0, 0, 0, 1
445, 0, 0, 0, 1
446, 0, 1, 1, 0
447, 0, 0, 1, 1
448, 1, 0, 1, 1
449, 1, 0, 0, 0
450, 0, 1, 0, 0
451, 0, 1, 1, 1
452, 1, 0, 0, 1
453, 1, 1, 1, 0
454, 0, 1, 1, 1
455, 0, 1, 1, 0
456, 1, 0, 0, 0
457, 0, 0, 1, 0
458, 1, 0, 0, 0
459, 1, 0, 0, 1
460, 0, 1, 0, 1
461, 1, 0, 1, 1
462, 1, 0, 0, 1
463, 0, 1, 1, 1
464, 0, 0, 0, 0
465, 1, 1, 0, 1
466, 0, 0, 0, 1
467, 1, 0, 0, 1
468, 1, 0, 1, 1
469, 1, 1, 0, 1
470, 0, 0, 0, 0
471, 1, 1, 0, 1
472, 0, 1, 1, 0
473, 0, 0, 0, 0
474, 0, 1, 1, 1
475, 0, 1, 1, 0
476, 0, 1, 1, 1
477, 0, 1, 0, 1
478, 1, 0, 0, 1
479, 0, 0, 0, 0
480, 0, 0, 0, 0
481, 1, 0, 1, 0
482, 0, 0, 1, 1
483, 1, 0, 0, 0
484, 1, 0, 0, 0
485, 1, 0, 1, 1
486, 1, 0, 1, 0
487, 1, 0, 0, 0
488, 1, 0, 0, 1
489, 1, 1, 0, 1
490, 0, 0, 0, 1
491, 1, 0, 0, 0
492, 0, 0, 0, 0
493, 1, 1, 0, 1
494, 1, 0, 0, 1
495, 1, 0, 0, 1
496, 1, 0, 0, 1
497, 1, 1, 0, 1
498, 1, 1, 0, 1
499, 1, 0, 0, 1
500, 0, 0, 1, 0
501, 1, 0, 0, 1
502, 1, 0, 0, 0
503, 1, 0, 0, 0
504, 0, 0, 1, 0
505, 0, 1, 1, 1
506, 0, 0, 0, 1
507, 0, 0, 0, 0
508, 1, 1, 1, 1
509, 0, 1, 1, 0
510, 0, 0, 0, 0
511, 0, 0, 0, 1
512, 0, 1, 0, 1
513, 0, 0, 0, 0
514, 0, 1, 0, 1
515, 1, 0, 0, 1
516, 0, 0, 1, 0
517, 1, 0, 0, 1
518, 0, 0, 0, 0
519, 1, 1, 0, 1
520, 0, 0, 0, 1
521, 0, 1, 0, 1
522, 1, 0, 0, 1
523, 0, 1, 0, 0
524, 1, 1, 0, 1
525, 0, 0, 0, 0
526, 0, 0, 0, 1
527, 1, 0, 0, 1
528, 1, 0, 0, 0
529, 0, 1, 1, 1
530, 1, 0, 0, 1
531, 0, 1, 1, 1
532, 1, 1, 0, 1
533, 1, 0, 0, 1
534, 0, 0, 0, 0
535, 0, 0, 0, 0
536, 1, 0, 0, 1
537, 1, 0, 0, 1
538, 1, 1, 0, 1
539, 0, 0, 0, 1
540, 0, 0, 0, 1
541, 1, 0, 0, 0
542, 1, 0, 0, 1
543, 0, 1, 1, 1
544, 0, 0, 0, 1
545, 0, 0, 0, 0
546, 0, 0, 0, 0
547, 1, 1, 0, 1
548, 1, 1, 1, 1
549, 0, 0, 0, 0
550, 0, 0, 0, 0
551, 1, 0, 0, 0
552, 0, 0, 0, 0
553, 0, 0, 1, 1
554, 0, 1, 1, 0
555, 0, 0, 0, 1
556, 0, 0, 0, 1
557, 0, 1, 0, 0
558, 0, 1, 1, 1
559, 1, 1, 0, 1
560, 0, 1, 1, 0
561, 1, 0, 0, 1
562, 1, 0, 0, 0
563, 0, 1, 1, 1
564, 1, 0, 0, 1
565, 1, 0, 0, 1
566, 1, 0, 0, 0
567, 1, 0, 0, 1
568, 0, 1, 1, 1
569, 0, 1, 1, 0
570, 1, 0, 0, 1
571, 0, 0, 0, 1
572, 0, 1, 1, 1
573, 0, 1, 1, 1
574, 0, 1, 1, 1
575, 0, 0, 0, 0
576, 1, 1, 0, 0
577, 1, 0, 0, 1
578, 1, 1, 0, 0
579, 1, 0, 0, 1
580, 0, 0, 0, 1
581, 1, 0, 1, 1
582, 0, 0, 0, 1
583, 0, 0, 0, 0
584, 1, 1, 0, 1
585, 1, 0, 0, 1
586, 1, 0, 1, 0
587, 0, 0, 0, 0
588, 0, 1, 1, 0
589, 1, 0, 0, 1
590, 0, 0, 0, 0
591, 1, 1, 1, 0
592, 0, 1, 0, 0
593, 0, 1, 1, 1
594, 0, 0, 0, 0
595, 0, 0, 1, 0
596, 0, 1, 0, 1
597, 0, 0, 0, 0
598, 1, 1, 0, 0
599, 0, 1, 1, 1
600, 1, 0, 0, 0
601, 1, 0, 1, 1
602, 0, 0, 1, 1
603, 0, 1, 1, 0
604, 0, 0, 1, 1
605, 1, 0, 0, 1
606, 1, 1, 1, 0
607, 0, 0, 0, 1
608, 0, 0, 0, 0
609, 1, 0, 0, 1
610, 0, 1, 1, 0
611, 0, 0, 0, 0
612, 0, 0, 1, 1
613, 0, 0, 0, 1
614, 1, 0, 1, 0
615, 0, 0, 0, 1
616, 1, 0, 0, 1
617, 0, 0, 0, 1
618, 1, 0, 0, 0
619, 1, 1, 1, 1
620, 0, 1, 1, 1
621, 1, 0, 0, 1
622, 0, 0, 0, 0
623, 0, 0, 0, 0
624, 0, 0, 0, 0
625, 0, 1, 1, 0
626, 1, 0, 0, 0
627, 0, 0, 0, 1
628, 1, 0, 0, 0
629, 0, 1, 1, 1
630, 0, 0, 0, 1
631, 0, 0, 0, 0
632, 0, 0, 0, 0
633, 1, 0, 0, 0
634, 0, 1, 0, 1
635, 0, 0, 1, 1
636, 0, 1, 1, 1
637, 0, 0, 1, 0
638, 0, 1, 1, 1
639, 0, 0, 1, 0
640, 0, 0, 0, 1
641, 1, 1, 1, 1
642, 0, 0, 1, 0
643, 0, 1, 1, 1
644, 0, 1, 0, 0
645, 1, 0, 0, 0
646, 1, 1, 0, 1
647, 0, 1, 0, 1
648, 1, 1, 1, 0
649, 1, 0, 0, 1
650, 0, 0, 0, 1
651, 1, 0, 0, 1
652, 1, 1, 0, 0
653, 1, 0, 1, 1
654, 1, 1, 0, 0
655, 0, 0, 0, 0
656, 0, 0, 0, 0
657, 0, 0, 0, 1
658, 0, 1, 1, 1
659, 1, 0, 0, 0
660, 0, 0, 0, 0
661, 1, 0, 0, 0
662, 1, 1, 1, 1
663, 1, 1, 0, 0
664, 1, 0, 0, 1
665, 1, 1, 0, 0
666, 0, 0, 0, 0
667, 1, 1, 1, 1
668, 0, 1, 1, 1
669, 0, 0, 0, 1
670, 1, 0, 0, 0
671, 1, 0, 0, 1
672, 0, 0, 1, 1
673, 1, 0, 1, 1
674, 0, 0, 1, 1
675, 0, 1, 1, 1
676, 1, 1, 0, 0
677, 0, 0, 0, 0
678, 1, 0, 0, 1
679, 0, 1, 1, 0
680, 1, 1, 1, 1
681, 1, 0, 0, 0
682, 0, 1, 1, 0
683, 0, 0, 0, 0
684, 1, 1, 1, 1
685, 0, 0, 0, 0
686, 1, 1, 0, 1
687, 0, 1, 0, 0
688, 1, 0, 1, 1
689, 1, 0, 1, 1
690, 1, 0, 0, 1
691, 1, 1, 0, 0
692, 0, 0, 0, 0
693, 0, 0, 0, 0
694, 0, 1, 0, 1
695, 1, 0, 0, 0
696, 0, 0, 0, 0
697, 0, 0, 0, 1
698, 0, 0, 0, 0
699, 1, 0, 0, 0
700, 1, 0, 0, 0
701, 1, 0, 0, 1
702, 0, 0, 0, 0
703, 0, 0, 0, 0
704, 1, 0, 1, 1
705, 1, 1, 1, 1
706, 0, 0, 0, 1
707, 0, 0, 0, 1
708, 1, 0, 1, 1
709, 0, 1, 0, 1
710, 1, 1, 0, 1
711, 1, 0, 0, 0
712, 1, 1, 1, 1
713, 0, 0, 0, 0
714, 1, 1, 1, 1
715, 1, 0, 1, 0
716, 0, 0, 0, 1
717, 1, 0, 1, 0
718, 0, 0, 0, 0
719, 0, 0, 0, 1
720, 1, 1, 0, 1
721, 0, 0, 0, 0
722, 0, 0, 0, 0
723, 0, 0, 1, 1
724, 0, 1, 0, 0
725, 1, 0, 1, 0
726, 1, 0, 0, 1
727, 0, 0, 0, 0
728, 0, 1, 1, 1
729, 0, 0, 1, 1
730, 0, 0, 1, 0
731, 0, 1, 0, 0
732, 0, 0, 1, 1
733, 1, 0, 0, 1
734, 1, 0, 0, 1
735, 0, 0, 1, 0
736, 0, 1, 0, 1
737, 0, 0, 0, 0
738, 0, 1, 0, 1
739, 0, 1, 1, 1
740, 1, 0, 0, 1
741, 0, 0, 0, 1
742, 0, 0, 0, 1
743, 0, 1, 0, 1
744, 1, 0, 1, 1
745, 1, 1, 0, 1
746, 0, 0, 0, 1
747, 0, 0, 0, 1
748, 0, 0, 1, 1
749, 0, 0, 1, 1
750, 1, 1, 0, 0
751, 1, 1, 1, 1
752, 1, 0, 1, 1
753, 1, 1, 0, 1
754, 1, 0, 0, 0
755, 1, 0, 1, 1
756, 0, 1, 0, 1
757, 0, 1, 0, 0
758, 1, 1, 1, 0
759, 1, 1, 1, 0
760, 1, 0, 0, 0
761, 0, 0, 0, 0
762, 0, 1, 0, 0
763, 1, 1, 1, 0
764, 0, 0, 0, 1
765, 1, 1, 0, 0
766, 0, 1, 1, 1
767, 1, 0, 0, 0
768, 1, 0, 0, 0
769, 1, 0, 0, 0
770, 0, 0, 0, 0
771, 1, 0, 1, 1
772, 0, 1, 0, 1
773, 1, 0, 0, 1
774, 1, 1, 1, 0
775, 1, 0, 0, 1
776, 1, 0, 0, 0
777, 0, 0, 0, 1
778, 0, 1, 0, 1
779, 0, 0, 0, 0
780, 0, 1, 0, 1
781, 0, 0, 0, 1
782, 0, 0, 0, 0
783, 1, 1, 0, 1
784, 0, 1, 1, 1
785, 1, 0, 0, 1
786, 1, 0, 0, 1
787, 1, 0, 0, 0
788, 0, 1, 1, 0
789, 0, 0, 0, 1
790, 0, 0, 0, 0
791, 0, 0, 0, 1
792, 0, 0, 1, 1
793, 1, 0, 0, 0
794, 0, 0, 1, 0
795, 0, 0, 0, 1
796, 1, 0, 0, 0
797, 1, 0, 0, 1
798, 1, 0, 1, 0
799, 1, 0, 0, 1
800, 1, 1, 0, 1
801, 1, 0, 0, 0
802, 0, 0, 0, 1
803, 1, 1, 1, 1
804, 1, 1, 0, 1
805, 0, 0, 0, 1
806, 0, 0, 0, 0
807, 1, 1, 1, 0
808, 0, 0, 0, 0
809, 0, 1, 1, 1
810, 1, 1, 1, 0
811, 0, 1, 0, 0
812, 1, 0, 0, 0
813, 1, 1, 0, 0
814, 0, 0, 1, 0
815, 0, 0, 0, 0
816, 0, 0, 0, 0
817, 1, 0, 0, 0
818, 0, 0, 1, 1
819, 1, 1, 0, 1
820, 1, 0, 0, 1
821, 0, 0, 0, 0
822, 0, 0, 1, 1
823, 1, 0, 0, 1
824, 0, 0, 0, 1
825, 0, 1, 0, 1
826, 0, 0, 0, 0
827, 0, 1, 1, 1
828, 1, 1, 0, 1
829, 1, 0, 0, 1
830, 1, 0, 0, 0
831, 0, 0, 0, 1
832, 1, 0, 0, 1
833, 0, 0, 0, 1
834, 1, 0, 0, 0
835, 1, 0, 1, 1
836, 1, 0, 1, 0
837, 0, 1, 1, 1
838, 0, 0, 0, 0
839, 1, 0, 0, 1
840, 0, 1, 0, 0
841, 1, 0, 0, 0
842, 0, 0, 0, 1
843, 1, 0, 0, 0
844, 0, 0, 1, 1
845, 0, 0, 0, 1
846, 1, 0, 1, 1
847, 0, 0, 0, 0
848, 0, 1, 1, 1
849, 0, 0, 0, 0
850, 0, 1, 0, 1
851, 1, 0, 1, 1
852, 1, 0, 0, 1
853, 1, 0, 1, 1
854, 0, 0, 0, 0
855, 1, 0, 0, 1
856, 1, 0, 0, 1
857, 0, 0, 0, 1
858, 0, 1, 0, 1
859, 1, 0, 1, 1
860, 0, 0, 1, 0
861, 1, 0, 0, 0
862, 1, 0, 0, 1
863, 1, 1, 1, 1
864, 0, 1, 1, 0
865, 0, 0, 1, 0
866, 1, 1, 0, 1
867, 1, 0, 0, 1
868, 0, 0, 0, 0
869, 1, 0, 0, 1
870, 1, 1, 0, 1
871, 1, 0, 0, 0
872, 1, 0, 0, 1
873, 0, 0, 0, 0
874, 0, 0, 1, 1
875, 0, 0, 0, 1
876, 0, 1, 1, 1
877, 0, 0, 0, 1
878, 0, 1, 0, 1
879, 1, 0, 0, 1
880, 1, 1, 0, 1
881, 1, 0, 0, 1
882, 0, 0, 0, 0
883, 1, 0, 0, 1
884, 0, 1, 1, 1
885, 1, 0, 0, 1
886, 0, 0, 0, 1
887, 0, 0, 0, 1
888, 0, 1, 0, 1
889, 0, 0, 0, 0
890, 0, 1, 1, 0
891, 0, 0, 0, 0
892, 0, 0, 1, 1
893, 1, 0, 0, 0
894, 0, 0, 0, 1
895, 1, 0, 0, 0
896, 0, 1, 1, 1
897, 1, 0, 0, 0
898, 0, 1, 0, 0
899, 0, 0, 0, 1
900, 0, 0, 0, 0
901, 1, 0, 0, 1
902, 1, 0, 0, 0
903, 0, 1, 0, 0
904, 1, 1, 0, 1
905, 1, 0, 0, 1
906, 0, 1, 1, 0
907, 0, 1, 1, 1
908, 1, 1, 0, 0
909, 0, 0, 0, 0
910, 0, 0, 0, 1
911, 0, 1, 0, 1
912, 1, 0, 0, 1
913, 0, 0, 0, 1
914, 1, 0, 0, 0
915, 0, 0, 0, 1
916, 0, 0, 0, 1
917, 0, 0, 0, 1
918, 0, 0, 0, 1
919, 1, 0, 0, 0
920, 0, 0, 0, 1
921, 0, 0, 1, 0
922, 0, 0, 0, 1
923, 0, 0, 0, 1
924, 0, 0, 0, 0
925, 0, 0, 0, 0
926, 0, 0, 0, 1
927, 0, 0, 1, 0
928, 1, 1, 0, 1
929, 0, 0, 0, 0
930, 1, 0, 0, 1
931, 1, 0, 0, 1
932, 1, 1, 0, 1
933, 0, 1, 1, 0
934, 1, 0, 0, 0
935, 0, 1, 1, 1
936, 0, 0, 0, 1
937, 1, 1, 0, 0
938, 0, 0, 0, 1
939, 0, 1, 0, 1
940, 1, 0, 1, 1
941, 0, 0, 1, 0
942, 0, 0, 0, 1
943, 1, 0, 1, 0
944, 1, 1, 0, 1
945, 0, 1, 0, 0
946, 0, 0, 0, 1
947, 1, 0, 0, 0
948, 1, 0, 0, 0
949, 1, 0, 0, 1
950, 0, 1, 1, 1
951, 1, 0, 1, 1
952, 1, 0, 0, 1
953, 0, 0, 0, 1
954, 1, 0, 0, 1
955, 1, 1, 1, 0
956, 1, 0, 0, 0
957, 0, 1, 0, 1
958, 0, 0, 0, 0
959, 0, 1, 0, 1
960, 1, 0, 0, 1
961, 0, 0, 0, 0
962, 1, 0, 0, 1
963, 0, 0, 0, 0
964, 0, 0, 0, 1
965, 1, 0, 1, 0
966, 1, 1, 0, 0
967, 0, 0, 0, 0
968, 0, 0, 0, 0
969, 1, 0, 1, 1
970, 0, 0, 0, 0
971, 0, 0, 0, 0
972, 0, 1, 0, 1
973, 1, 0, 0, 1
974, 1, 0, 0, 0
975, 0, 0, 0, 1
976, 1, 0, 0, 1
977, 1, 0, 0, 1
978, 1, 0, 0, 1
979, 0, 0, 1, 0
980, 1, 0, 1, 0
981, 0, 0, 0, 1
982, 1, 0, 1, 0
983, 0, 1, 1, 1
984, 1, 0, 0, 1
985, 1, 1, 1, 1
986, 1, 0, 0, 1
987, 0, 0, 0, 0
988, 0, 1, 0, 0
989, 0, 0, 0, 0
990, 0, 0, 1, 1
991, 0, 0, 0, 0
992, 0, 0, 0, 0
993, 0, 0, 1, 0
994, 1, 0, 0, 1
995, 0, 0, 0, 1
996, 1, 0, 0, 1
997, 1, 0, 0, 1
998, 1, 0, 0, 0
999, 0, 0, 0, 0
1000, 1, 0, 1, 1
1001, 1, 1, 0, 1
1002, 1, 0, 0, 0
1003, 1, 0, 0, 1
1004, 0, 0, 0, 0
1005, 0, 1, 1, 1
1006, 0, 0, 1, 0
1007, 0, 0, 0, 1
1008, 0, 0, 0, 1
1009, 1, 0, 0, 0
1010, 1, 0, 0, 0
1011, 1, 0, 0, 1
1012, 0, 0, 0, 0
1013, 0, 0, 0, 0
1014, 0, 0, 0, 0
1015, 1, 1, 1, 0
1016, 1, 0, 0, 1
1017, 1, 0, 1, 0
1018, 0, 0, 1, 1
1019, 0, 1, 1, 1
1020, 0, 0, 0, 0
1021, 0, 0, 0, 0
1022, 1, 1, 1, 1
1023, 1, 1, 0, 1
1024, 0, 1, 0, 0
1025, 0, 1, 1, 1
1026, 1, 0, 1, 1
1027, 0, 1, 1, 1
1028, 0, 0, 0, 0
1029, 1, 0, 0, 0
1030, 1, 1, 0, 1
1031, 1, 0, 0, 1
1032, 1, 0, 0, 0
1033, 0, 1, 1, 1
1034, 0, 1, 0, 1
1035, 1, 0, 0, 1
1036, 1, 0, 0, 1
1037, 1, 0, 0, 0
1038, 0, 1, 1, 1
1039, 0, 0, 0, 1
1040, 1, 0, 0, 0
1041, 1, 0, 1, 1
1042, 1, 0, 0, 0
1043, 0, 0, 0, 0
1044, 0, 0, 1, 1
1045, 1, 1, 0, 0
1046, 0, 0, 1, 1
1047, 0, 0, 1, 1
1048, 0, 0, 0, 0
1049, 1, 1, 0, 1
1050, 1, 0, 0, 1
1051, 1, 0, 1, 0
1052, 0, 0, 0, 1
1053, 0, 0, 0, 1
1054, 1, 0, 1, 1
1055, 1, 0, 1, 0
1056, 0, 0, 1, 0
1057, 1, 0, 0, 1
1058, 0, 1, 1, 1
1059, 0, 0, 1, 0
1060, 0, 0, 0, 1
1061, 0, 0, 0, 0
1062, 1, 1, 1, 1
1063, 1, 0, 1, 1
1064, 1, 0, 0, 0
1065, 0, 1, 0, 0
1066, 1, 0, 0, 0
1067, 0, 1, 0, 1
1068, 0, 0, 0, 1
1069, 0, 0, 1, 1
1070, 0, 0, 0, 0
1071, 1, 0, 0, 1
1072, 0, 1, 1, 0
1073, 1, 0, 0, 0
1074, 0, 0, 0, 0
1075, 0, 0, 0, 1
1076, 0, 0, 0, 1
1077, 1, 1, 1, 1
1078, 1, 0, 0, 1
1079, 1, 0, 0, 0
1080, 1, 0, 0, 1
1081, 1, 1, 0, 0
1082, 0, 1, 1, 1
1083, 0, 1, 0, 1
1084, 0, 1, 1, 1
1085, 1, 0, 0, 1
1086, 0, 0, 0, 0
1087, 0, 0, 0, 0
1088, 1, 0, 0, 1
1089, 1, 0, 1, 1
1090, 0, 0, 0, 0
1091, 0, 0, 1, 1
1092, 0, 1, 0, 1
1093, 0, 0, 1, 1
1094, 1, 0, 1, 0
1095, 1, 0, 0, 0
1096, 0, 0, 0, 1
1097, 0, 0, 1, 0
1098, 1, 1, 0, 1
1099, 0, 0, 0, 0
1100, 1, 1, 0, 1
1101, 1, 0, 0, 0
1102, 0, 0, 1, 1
1103, 1, 1, 1, 1
1104, 1, 1, 0, 0
1105, 1, 1, 0, 1
1106, 0, 0, 1, 0
1107, 1, 0, 0, 1
1108, 0, 0, 0, 1
1109, 1, 0, 0, 1
1110, 0, 1, 1, 0
1111, 1, 0, 0, 0
1112, 0, 0, 0, 1
1113, 1, 0, 0, 1
1114, 1, 0, 0, 1
1115, 0, 0, 0, 0
1116, 0, 1, 1, 1
1117, 0, 1, 1, 1
1118, 0, 0, 0, 0
1119, 0, 1, 1, 1
1120, 1, 1, 1, 1
1121, 1, 1, 1, 0
1122, 0, 0, 0, 1
1123, 0, 1, 1, 1
1124, 0, 0, 0, 1
1125, 0, 0, 0, 1
1126, 0, 0, 0, 1
1127, 0, 0, 0, 0
1128, 0, 0, 0, 0
1129, 1, 0, 0, 0
1130, 1, 0, 0, 0
1131, 0, 0, 0, 0
1132, 1, 0, 1, 1
1133, 0, 0, 0, 0
1134, 1, 1, 0, 1
1135, 0, 0, 0, 0
1136, 1, 1, 1, 1
1137, 1, 0, 0, 0
1138, 0, 1, 0, 1
1139, 0, 0, 0, 1
1140, 1, 0, 0, 0
1141, 0, 0, 0, 0
1142, 1, 0, 0, 1
1143, 1, 1, 0, 1
1144, 0, 0, 0, 1
1145, 1, 0, 0, 1
1146, 0, 1, 1, 1
1147, 0, 0, 0, 0
1148, 1, 0, 0, 0
1149, 0, 0, 0, 0
1150, 0, 0, 0, 1
1151, 0, 1, 1, 0
1152, 0, 0, 0, 0
1153, 1, 0, 0, 0
1154, 1, 0, 0, 0
1155, 0, 1, 1, 1
1156, 1, 0, 1, 1
1157, 0, 0, 0, 0
1158, 0, 1, 0, 1
1159, 0, 0, 0, 1
1160, 1, 0, 0, 1
1161, 0, 1, 0, 0
1162, 1, 0, 0, 1
1163, 0, 0, 0, 1
1164, 1, 1, 0, 0
1165, 1, 0, 0, 0
1166, 1, 0, 0, 1
1167, 1, 0, 0, 1
1168, 0, 0, 0, 1
1169, 1, 1, 0, 0
1170, 1, 0, 0, 1
1171, 1, 1, 1, 1
1172, 0, 0, 0, 1
1173, 0, 1, 1, 0
1174, 1, 1, 0, 1
1175, 1, 0, 1, 1
1176, 1, 0, 0, 0
1177, 1, 1, 0, 1
1178, 0, 1, 0, 0
1179, 1, 0, 0, 1
1180, 0, 0, 0, 1
1181, 0, 0, 1, 0
1182, 1, 0, 0, 1
1183, 1, 0, 1, 0
1184, 0, 0, 1, 0
1185, 0, 0, 0, 0
1186, 1, 0, 0, 0
1187, 0, 0, 0, 0
1188, 1, 0, 0, 1
1189, 0, 1, 0, 0
1190, 1, 0, 0, 1
1191, 1, 0, 0, 1
1192, 1, 1, 0, 0
1193, 1, 0, 1, 0
1194, 0, 1, 0, 1
1195, 1, 0, 0, 0
1196, 1, 0, 1, 0
1197, 0, 0, 1, 1
1198, 1, 1, 1, 1
1199, 0, 0, 0, 0
1200, 1, 0, 0, 1
1201, 0, 0, 1, 1
1202, 0, 0, 1, 1
1203, 0, 0, 0, 0
1204, 1, 1, 0, 1
1205, 0, 0, 0, 1
1206, 0, 0, 0, 1
1207, 0, 0, 0, 0
1208, 1, 1, 1, 1
1209, 1, 0, 0, 1
1210, 0, 0, 1, 1
1211, 1, 0, 0, 1
1212, 0, 1, 0, 1
1213, 0, 0, 0, 0
1214, 0, 0, 0, 1
1215, 0, 0, 1, 0
1216, 0, 1, 0, 1
1217, 0, 0, 0, 0
1218, 1, 0, 0, 1
1219, 0, 0, 0, 1
1220, 0, 1, 1, 1
1221, 0, 0, 0, 1
1222, 1, 0, 0, 1
1223, 0, 1, 1, 0
1224, 1, 0, 0, 0
1225, 1, 0, 0, 1
1226, 1, 0, 0, 0
1227, 0, 1, 1, 1
1228, 0, 0, 0, 0
1229, 0, 0, 0, 0
1230, 0, 0, 0, 0
1231, 1, 1, 1, 0
1232, 0, 0, 0, 0
1233, 1, 0, 0, 0
1234, 0, 0, 0, 1
1235, 0, 0, 0, 1
1236, 1, 0, 0, 1
1237, 0, 1, 0, 0
1238, 0, 0, 0, 0
1239, 1, 0, 0, 0
1240, 0, 1, 0, 1
1241, 1, 0, 0, 1
1242, 0, 0, 0, 0
1243, 0, 1, 0, 0
1244, 1, 0, 0, 0
1245, 1, 0, 0, 1
1246, 1, 0, 1, 1
1247, 1, 0, 0, 0
1248, 0, 0, 0, 0
1249, 1, 0, 0, 1
1250, 1, 0, 0, 1
1251, 1, 0, 0, 1
1252, 1, 0, 0, 0
1253, 1, 0, 0, 0
1254, 0, 0, 0, 1
1255, 0, 1, 1, 1
1256, 0, 0, 1, 0
1257, 0, 0, 0, 1
1258, 1, 0, 0, 0
1259, 0, 0, 0, 0
1260, 1, 0, 0, 0
1261, 0, 1, 1, 1
1262, 1, 1, 1, 1
1263, 1, 0, 0, 1
1264, 1, 1, 1, 1
1265, 0, 0, 1, 1
1266, 1, 0, 0, 0
1267, 1, 0, 0, 1
1268, 1, 0, 0, 0
1269, 1, 0, 0, 1
1270, 1, 0, 1, 1
1271, 1, 0, 0, 0
1272, 0, 1, 1, 0
1273, 0, 0, 0, 0
1274, 1, 0, 0, 0
1275, 0, 0, 1, 1
1276, 1, 0, 0, 1
1277, 1, 0, 1, 0
1278, 1, 0, 0, 0
1279, 1, 1, 0, 1
1280, 1, 0, 1, 1
1281, 0, 0, 1, 0
1282, 1, 1, 1, 1
1283, 1, 0, 1, 1
1284, 0, 0, 1, 1
1285, 1, 0, 0, 1
1286, 1, 0, 0, 1
1287, 0, 0, 0, 0
1288, 1, 1, 1, 1
1289, 0, 0, 1, 1
1290, 1, 0, 0, 0
1291, 1, 1, 0, 1
1292, 1, 0, 0, 0
1293, 0, 0, 0, 1
1294, 1, 0, 1, 0
1295, 1, 0, 0, 1
1296, 1, 1, 0, 0
1297, 0, 0, 0, 1
1298, 1, 1, 0, 1
1299, 0, 0, 0, 1
1300, 1, 0, 1, 0
1301, 1, 1, 0, 1
1302, 1, 1, 1, 1
1303, 0, 1, 0, 1
1304, 0, 0, 1, 1
1305, 1, 0, 0, 0
1306, 1, 0, 0, 1
1307, 1, 0, 0, 1
1308, 1, 0, 1, 1
1309, 1, 0, 0, 0
1310, 0, 0, 1, 1
1311, 1, 1, 0, 0
1312, 1, 0, 0, 0
1313, 0, 0, 1, 0
1314, 0, 1, 1, 0
1315, 1, 0, 0, 0
1316, 0, 0, 0, 0
1317, 0, 0, 0, 0
1318, 0, 0, 1, 0
1319, 1, 0, 0, 0
1320, 1, 0, 0, 1
1321, 0, 0, 0, 1
1322, 1, 1, 1, 0
1323, 0, 0, 0, 0
1324, 1, 0, 1, 1
1325, 0, 1, 0, 0
1326, 1, 0, 0, 0
1327, 0, 0, 0, 0
1328, 1, 1, 1, 1
1329, 0, 0, 0, 0
1330, 1, 1, 1, 1
1331, 1, 1, 0, 1
1332, 0, 0, 0, 1
1333, 0, 0, 0, 0
1334, 1, 0, 1, 1
1335, 0, 0, 0, 1
1336, 0, 0, 0, 1
1337, 1, 1, 0, 1
1338, 0, 0, 0, 1
1339, 0, 0, 0, 1
1340, 0, 0, 0, 0
1341, 0, 0, 0, 0
1342, 1, 1, 0, 0
1343, 1, 0, 0, 1
1344, 0, 0, 1, 0
1345, 0, 0, 1, 0
1346, 1, 0, 0, 1
1347, 0, 0, 1, 1
1348, 1, 0, 0, 0
1349, 1, 0, 0, 0
1350, 1, 1, 1, 1
1351, 1, 0, 0, 0
1352, 0, 0, 0, 0
1353, 0, 0, 0, 0
1354, 1, 0, 0, 1
1355, 1, 1, 1, 0
1356, 1, 0, 0, 1
1357, 0, 0, 0, 1
1358, 1, 0, 0, 0
1359, 0, 0, 0, 0
1360, 0, 0, 0, 1
1361, 0, 0, 0, 0
1362, 0, 1, 1, 1
1363, 0, 0, 0, 0
1364, 0, 0, 0, 1
1365, 0, 1, 1, 0
1366, 1, 0, 0, 0
1367, 1, 1, 1, 1
1368, 1, 0, 0, 1
1369, 0, 0, 1, 1
1370, 1, 0, 0, 1
1371, 0, 0, 0, 1
1372, 1, 0, 0, 0
1373, 0, 0, 0, 1
1374, 0, 0, 1, 0
1375, 1, 0, 0, 0
1376, 1, 0, 0, 1
1377, 1, 0, 0, 1
1378, 1, 0, 0, 0
1379, 1, 1, 0, 0
1380, 1, 0, 0, 0
1381, 1, 1, 0, 0
1382, 1, 1, 1, 1
1383, 0, 1, 0, 1
1384, 0, 0, 0, 1
1385, 1, 0, 0, 1
1386, 0, 1, 1, 1
1387, 1, 1, 0, 0
1388, 0, 0, 0, 0
1389, 1, 1, 1, 1
1390, 0, 0, 0, 1
1391, 0, 1, 1, 1
1392, 0, 1, 1, 1
1393, 1, 0, 0, 0
1394, 0, 0, 1, 0
1395, 1, 0, 0, 1
1396, 0, 0, 1, 0
1397, 1, 0, 1, 1
1398, 1, 0, 0, 1
1399, 0, 0, 0, 0
1400, 0, 1, 1, 1
1401, 0, 0, 0, 0
1402, 0, 0, 0, 1
1403, 0, 0, 0, 0
1404, 0, 1, 1, 1
1405, 0, 0, 1, 0
1406, 1, 0, 0, 0
1407, 1, 1, 1, 1
1408, 1, 1, 1, 1
1409, 1, 0, 0, 1
1410, 0, 0, 0, 1
1411, 0, 1, 0, 0
1412, 0, 0, 0, 0
1413, 1, 0, 0, 1
1414, 1, 0, 1, 0
1415, 0, 1, 0, 1
1416, 1, 0, 0, 1
1417, 1, 1, 0, 0
1418, 0, 0, 0, 1
1419, 1, 1, 1, 0
1420, 1, 1, 0, 1
1421, 0, 1, 1, 0
1422, 0, 1, 0, 1
1423, 1, 0, 0, 0
1424, 0, 1, 0, 1
1425, 0, 0, 0, 0
1426, 1, 0, 0, 1
1427, 0, 1, 1, 1
1428, 0, 0, 0, 1
1429, 0, 0, 0, 0
1430, 0, 0, 0, 1
1431, 1, 0, 0, 0
1432, 0, 1, 0, 1
1433, 1, 1, 1, 0
1434, 1, 1, 0, 0
1435, 1, 0, 0, 0
1436, 1, 0, 0, 0
1437, 0, 0, 0, 1
1438, 1, 0, 0, 1
1439, 0, 1, 0, 1
1440, 0, 0, 1, 1
1441, 0, 0, 0, 0
1442, 0, 0, 0, 0
1443, 1, 0, 0, 1
1444, 1, 1, 1, 1
1445, 0, 1, 0, 0
1446, 1, 0, 0, 1
1447, 0, 0, 0, 1
1448, 0, 1, 0, 0
1449, 0, 0, 0, 1
1450, 0, 1, 1, 0
1451, 1, 0, 0, 1
1452, 1, 0, 0, 0
1453, 0, 0, 0, 1
1454, 1, 1, 1, 0
1455, 1, 0, 0, 1
1456, 1, 0, 0, 1
1457, 0, 0, 0, 1
1458, 0, 1, 0, 1
1459, 0, 0, 1, 0
1460, 0, 0, 0, 0
1461, 1, 0, 0, 1
1462, 0, 1, 1, 1
1463, 0, 0, 1, 0
1464, 0, 0, 0, 1
1465, 0, 0, 1, 1
1466, 0, 1, 0, 0
1467, 0, 0, 0, 0
1468, 0, 0, 0, 1
1469, 0, 0, 0, 1
1470, 1, 1, 1, 1
1471, 0, 1, 0, 1
1472, 1, 0, 0, 1
1473, 0, 0, 0, 1
1474, 0, 0, 0, 1
1475, 0, 1, 0, 0
1476, 0, 1, 1, 1
1477, 0, 0, 0, 0
1478, 0, 0, 0, 0
1479, 1, 0, 0, 0
1480, 0, 0, 0, 0
1481, 1, 0, 0, 1
1482, 0, 0, 0, 0
1483, 1, 1, 1, 1
1484, 0, 1, 1, 1
1485, 0, 0, 0, 0
1486, 0, 1, 1, 1
1487, 1, 0, 0, 1
1488, 1, 1, 1, 0
1489, 0, 0, 1, 1
1490, 1, 0, 0, 1
1491, 0, 0, 0, 0
1492, 1, 0, 0, 1
1493, 1, 0, 0, 1
1494, 0, 1, 1, 1
1495, 1, 0, 0, 1
1496, 1, 0, 0, 0
1497, 1, 1, 1, 0
1498, 0, 0, 0, 1
1499, 1, 0, 0, 0
1500, 0, 0, 1, 1
1501, 1, 0, 0, 1
1502, 1, 1, 1, 1
1503, 1, 0, 0, 0
1504, 1, 0, 0, 1
1505, 1, 0, 1, 1
1506, 0, 0, 0, 0
1507, 0, 0, 0, 0
1508, 1, 0, 0, 0
1509, 0, 0, 0, 1
1510, 1, 0, 0, 1
1511, 0, 1, 0, 1
1512, 1, 0, 0, 0
1513, 0, 0, 0, 0
1514, 1, 0, 1, 1
1515, 0, 0, 0, 1
1516, 1, 0, 0, 1
1517, 0, 1, 0, 1
1518, 0, 0, 0, 0
1519, 0, 0, 0, 1
1520, 1, 1, 0, 1
1521, 0, 0, 0, 0
1522, 1, 0, 1, 0
1523, 1, 0, 0, 1
1524, 0, 0, 1, 0
1525, 0, 0, 0, 0
1526, 0, 0, 1, 0
1527, 0, 1, 1, 1
1528, 1, 1, 1, 1
1529, 0, 0, 0, 0
1530, 1, 0, 0, 1
1531, 0, 0, 0, 1
1532, 0, 1, 0, 1
1533, 1, 1, 1, 1
1534, 0, 0, 0, 1
1535, 0, 0, 0, 1
1536, 1, 0, 1, 1
1537, 0, 0, 0, 1
1538, 0, 0, 0, 1
1539, 0, 0, 0, 0
1540, 1, 0, 1, 1
1541, 0, 0, 0, 1
1542, 1, 0, 0, 0
1543, 0, 1, 1, 0
1544, 1, 0, 0, 1
1545, 0, 0, 0, 0
1546, 1, 0, 0, 1
1547, 0, 0, 0, 1
1548, 0, 0, 0, 1
1549, 0, 0, 0, 0
1550, 1, 0, 0, 1
1551, 0, 1, 1, 1
1552, 0, 0, 1, 0
1553, 1, 1, 1, 0
1554, 1, 0, 1, 1
1555, 1, 0, 0, 0
1556, 1, 0, 1, 0
1557, 0, 1, 1, 1
1558, 0, 1, 1, 1
1559, 1, 0, 0, 0
1560, 0, 1, 1, 0
1561, 0, 0, 0, 0
1562, 1, 0, 0, 1
1563, 0, 0, 0, 0
1564, 1, 0, 0, 0
1565, 0, 1, 1, 1
1566, 0, 0, 0, 1
1567, 0, 0, 0, 0
1568, 0, 1, 0, 1
1569, 0, 1, 1, 1
1570, 1, 0, 0, 0
1571, 0, 0, 0, 0
1572, 1, 1, 1, 0
1573, 0, 0, 0, 0
1574, 0, 0, 0, 1
1575, 1, 0, 0, 1
1576, 0, 1, 0, 0
1577, 1, 0, 0, 1
1578, 0, 0, 1, 1
1579, 0, 0, 1, 0
1580, 0, 1, 0, 0
1581, 1, 1, 0, 1
1582, 0, 1, 0, 0
1583, 1, 0, 0, 0
1584, 1, 0, 0, 1
1585, 1, 0, 0, 0
1586, 0, 0, 0, 0
1587, 0, 0, 0, 0
1588, 1, 0, 0, 0
1589, 0, 1, 1, 1
1590, 0, 0, 0, 1
1591, 0, 0, 0, 0
1592, 0, 1, 1, 1
1593, 0, 1, 1, 1
1594, 1, 1, 1, 1
1595, 1, 0, 0, 1
1596, 1, 0, 0, 1
1597, 0, 0, 1, 0
1598, 0, 1, 0, 0
1599, 0, 1, 1, 1
1600, 0, 0, 0, 1
1601, 1, 1, 1, 1
1602, 1, 0, 0, 1
1603, 1, 0, 0, 1
1604, 0, 1, 0, 1
1605, 0, 0, 0, 0
1606, 0, 0, 0, 0
1607, 1, 0, 0, 0
1608, 0, 0, 0, 1
1609, 0, 0, 0, 1
1610, 0, 0, 0, 0
1611, 0, 1, 0, 1
1612, 0, 1, 0, 0
1613, 1, 0, 0, 0
1614, 1, 1, 0, 1
1615, 0, 1, 1, 1
1616, 0, 1, 1, 1
1617, 0, 1, 1, 1
1618, 1, 1, 0, 1
1619, 1, 1, 1, 0
1620, 1, 1, 1, 1
1621, 0, 0, 0, 1
1622, 0, 0, 0, 1
1623, 1, 0, 0, 1
1624, 1, 0, 0, 0
1625, 0, 0, 0, 0
1626, 0, 1, 0, 1
1627, 0, 1, 0, 0
1628, 0, 0, 0, 1
1629, 0, 0, 0, 1
1630, 1, 1, 0, 1
1631, 1, 0, 0, 1
1632, 1, 0, 0, 1
1633, 0, 1, 1, 0
1634, 1, 0, 0, 1
1635, 1, 0, 0, 1
1636, 1, 0, 0, 0
1637, 0, 0, 0, 1
1638, 1, 1, 0, 0
1639, 0, 1, 0, 1
1640, 1, 0, 0, 0
1641, 1, 0, 0, 1
1642, 1, 1, 1, 0
1643, 0, 1, 1, 0
1644, 1, 0, 0, 1
1645, 1, 1, 1, 0
1646, 1, 0, 0, 0
1647, 1, 0, 0, 1
1648, 0, 0, 0, 0
1649, 0, 0, 0, 1
1650, 1, 0, 0, 1
1651, 0, 1, 1, 0
1652, 0, 0, 0, 0
1653, 1, 0, 0, 1
1654, 1, 0, 0, 1
1655, 0, 0, 0, 1
1656, 0, 0, 1, 0
1657, 0, 1, 1, 1
1658, 1, 0, 0, 1
1659, 0, 0, 0, 0
1660, 0, 0, 0, 0
1661, 0, 0, 0, 1
1662, 0, 1, 1, 0
1663, 0, 0, 0, 1
1664, 1, 0, 1, 1
1665, 1, 0, 0, 1
1666, 1, 1, 1, 0
1667, 1, 0, 0, 1
1668, 1, 1, 0, 0
1669, 1, 0, 0, 1
1670, 0, 0, 0, 0
1671, 1, 0, 0, 0
1672, 1, 0, 0, 1
1673, 0, 0, 1, 0
1674, 1, 0, 1, 0
1675, 0, 1, 0, 1
1676, 0, 0, 1, 1
1677, 1, 0, 0, 1
1678, 1, 1, 0, 1
1679, 0, 0, 0, 0
1680, 0, 0, 0, 1
1681, 1, 0, 0, 1
1682, 1, 0, 0, 0
1683, 0, 0, 0, 0
1684, 1, 1, 1, 1
1685, 0, 0, 0, 1
1686, 1, 0, 0, 1
1687, 0, 1, 0, 1
1688, 1, 1, 1, 1
1689, 1, 1, 0, 1
1690, 0, 0, 0, 1
1691, 1, 0, 0, 1
1692, 1, 0, 0, 1
1693, 0, 0, 1, 0
1694, 1, 0, 0, 1
1695, 1, 0, 0, 1
1696, 0, 0, 0, 0
1697, 0, 0, 0, 0
1698, 1, 0, 0, 1
1699, 0, 0, 0, 0
1700, 1, 0, 0, 0
1701, 0, 0, 0, 1
1702, 1, 0, 0, 1
1703, 1, 0, 0, 1
1704, 1, 0, 0, 1
1705, 0, 0, 0, 1
1706, 1, 0, 0, 1
1707, 0, 1, 1, 0
1708, 1, 0, 1, 1
1709, 1, 0, 1, 1
1710, 0, 1, 1, 1
1711, 1, 0, 1, 1
1712, 0, 0, 0, 1
1713, 0, 0, 0, 0
1714, 1, 0, 0, 0
1715, 1, 1, 1, 1
1716, 0, 0, 0, 1
1717, 1, 0, 0, 1
1718, 1, 1, 0, 1
1719, 0, 0, 0, 1
1720, 0, 0, 0, 0
1721, 1, 0, 1, 1
1722, 1, 0, 0, 1
1723, 0, 0, 0, 1
1724, 1, 0, 1, 0
1725, 1, 0, 0, 0
1726, 1, 0, 0, 1
1727, 1, 0, 0, 0
1728, 1, 1, 1, 1
1729, 0, 1, 1, 1
1730, 0, 0, 1, 0
1731, 1, 0, 0, 1
1732, 0, 1, 1, 0
1733, 0, 0, 0, 0
1734, 0, 1, 1, 1
1735, 0, 0, 0, 0
1736, 0, 0, 1, 1
1737, 0, 0, 0, 1
1738, 0, 0, 0, 0
1739, 0, 1, 0, 1
1740, 1, 1, 1, 1
1741, 0, 0, 0, 1
1742, 1, 1, 0, 0
1743, 1, 0, 0, 0
1744, 1, 0, 0, 1
1745, 1, 0, 1, 1
1746, 0, 1, 0, 1
1747, 1, 0, 0, 0
1748, 1, 0, 0, 1
1749, 0, 0, 0, 1
1750, 0, 0, 0, 0
1751, 0, 0, 0, 1
1752, 1, 0, 0, 1
1753, 0, 0, 0, 0
1754, 1, 0, 1, 1
1755, 1, 0, 0, 1
1756, 1, 0, 0, 1
1757, 1, 1, 1, 1
1758, 1, 1, 0, 1
1759, 1, 0, 1, 1
1760, 1, 1, 1, 1
1761, 0, 0, 0, 1
1762, 1, 0, 0, 1
1763, 1, 0, 0, 1
1764, 0, 0, 0, 1
1765, 0, 0, 0, 0
1766, 1, 1, 1, 0
1767, 1, 1, 0, 1
1768, 1, 0, 0, 0
1769, 1, 0, 0, 1
1770, 1, 1, 0, 0
1771, 1, 0, 1, 0
1772, 1, 0, 0, 1
1773, 0, 1, 0, 1
1774, 1, 1, 1, 1
1775, 1, 1, 0, 1
1776, 0, 0, 0, 1
1777, 1, 1, 0, 1
1778, 0, 0, 0, 1
1779, 0, 0, 0, 0
1780, 1, 1, 1, 0
1781, 1, 0, 1, 0
1782, 0, 0, 0, 1
1783, 1, 0, 1, 0
1784, 1, 0, 0, 0
1785, 0, 0, 1, 1
1786, 0, 0, 1, 1
1787, 1, 1, 0, 1
1788, 1, 0, 0, 1
1789, 0, 0, 0, 1
1790, 1, 0, 0, 1
1791, 1, 1, 0, 1
1792, 1, 1, 0, 1
1793, 0, 0, 0, 1
1794, 0, 1, 1, 0
1795, 1, 0, 1, 0
1796, 0, 0, 0, 0
1797, 1, 0, 1, 0
1798, 1, 1, 0, 1
1799, 1, 0, 0, 0
1800, 1, 1, 1, 0
1801, 1, 0, 1, 1
1802, 1, 0, 0, 1
1803, 0, 0, 0, 1
1804, 0, 1, 1, 1
1805, 0, 0, 0, 0
1806, 1, 0, 0, 0
1807, 0, 0, 0, 0
1808, 0, 0, 0, 0
1809, 0, 0, 0, 0
1810, 1, 1, 1, 1
1811, 0, 1, 0, 0
1812, 0, 1, 1, 1
1813, 0, 0, 1, 1
1814, 0, 0, 0, 1
1815, 1, 1, 1, 1
1816, 0, 0, 0, 0
1817, 0, 0, 0, 1
1818, 1, 0, 0, 1
1819, 1, 0, 0, 1
1820, 0, 1, 0, 0
1821, 1, 0, 0, 1
1822, 1, 0, 1, 1
1823, 0, 1, 1, 1
1824, 1, 1, 1, 0
1825, 1, 0, 0, 1
1826, 1, 1, 0, 0
1827, 1, 1, 0, 0
1828, 0, 1, 0, 1
1829, 0, 1, 1, 0
1830, 0, 1, 0, 0
1831, 1, 0, 0, 1
1832, 1, 0, 1, 1
1833, 0, 0, 0, 0
1834, 1, 0, 1, 0
1835, 1, 0, 0, 1
1836, 1, 0, 1, 0
1837, 0, 0, 0, 0
1838, 0, 0, 0, 0
1839, 0, 0, 0, 0
1840, 1, 1, 0, 1
1841, 1, 0, 0, 0
1842, 1, 0, 0, 1
1843, 0, 1, 0, 0
1844, 0, 0, 0, 0
1845, 1, 0, 0, 0
1846, 0, 0, 0, 0
1847, 0, 0, 0, 1
1848, 1, 0, 0, 1
1849, 0, 0, 1, 0
1850, 1, 0, 0, 0
1851, 0, 0, 0, 0
1852, 0, 0, 1, 0
1853, 1, 0, 1, 0
1854, 1, 0, 0, 1
1855, 1, 1, 0, 0
1856, 0, 0, 0, 0
1857, 0, 0, 0, 1
1858, 1, 0, 1, 0
1859, 0, 0, 0, 1
1860, 0, 0, 1, 0
1861, 1, 1, 1, 1
1862, 0, 1, 0, 1
1863, 1, 0, 0, 0
1864, 0, 0, 0, 1
1865, 0, 0, 0, 1
1866, 0, 1, 0, 1
1867, 1, 0, 1, 1
1868, 1, 0, 0, 1
1869, 1, 0, 0, 1
1870, 0, 0, 0, 0
1871, 0, 0, 0, 1
1872, 0, 0, 0, 0
1873, 0, 1, 0, 1
1874, 0, 1, 0, 1
1875, 1, 0, 0, 1
1876, 0, 1, 1, 1
1877, 0, 1, 0, 1
1878, 0, 1, 0, 1
1879, 0, 0, 1, 1
1880, 0, 0, 0, 0
1881, 1, 0, 0, 0
1882, 0, 1, 1, 1
1883, 0, 0, 0, 0
1884, 1, 0, 0, 1
1885, 1, 0, 1, 1
1886, 1, 0, 1, 1
1887, 0, 0, 0, 1
1888, 0, 0, 1, 0
1889, 0, 0, 0, 1
1890, 0, 0, 0, 0
1891, 0, 1, 1, 1
1892, 1, 0, 0, 1
1893, 0, 0, 0, 0
1894, 0, 0, 0, 0
1895, 1, 1, 1, 0
1896, 0, 1, 1, 1
1897, 0, 0, 0, 0
1898, 1, 0, 0, 1
1899, 0, 1, 1, 0
1900, 1, 1, 1, 1
1901, 0, 0, 0, 0
1902, 0, 0, 0, 0
1903, 0, 0, 0, 1
1904, 0, 0, 1, 1
1905, 0, 1, 1, 1
1906, 1, 0, 0, 1
1907, 1, 0, 0, 0
1908, 0, 1, 0, 1
1909, 0, 0, 0, 0
1910, 0, 1, 0, 1
1911, 1, 0, 0, 1
1912, 1, 1, 1, 1
1913, 0, 1, 0, 1
1914, 0, 0, 0, 0
1915, 0, 1, 0, 1
1916, 1, 1, 1, 1
1917, 0, 1, 0, 0
1918, 1, 0, 0, 1
1919, 1, 0, 0, 1
1920, 1, 1, 1, 1
1921, 0, 0, 0, 0
1922, 1, 0, 0, 1
1923, 1, 1, 1, 1
1924, 1, 0, 0, 1
1925, 0, 0, 0, 0
1926, 1, 0, 0, 1
1927, 0, 0, 0, 1
1928, 0, 1, 0, 1
1929, 0, 0, 0, 0
1930, 0, 0, 1, 0
1931, 0, 1, 0, 0
1932, 1, 0, 0, 1
1933, 0, 0, 1, 0
1934, 1, 0, 0, 0
1935, 0, 0, 0, 0
1936, 0, 0, 0, 0
1937, 1, 0, 0, 0
1938, 1, 1, 0, 0
1939, 1, 0, 0, 0
1940, 1, 0, 0, 0
1941, 1, 0, 0, 1
1942, 0, 0, 0, 1
1943, 0, 0, 0, 1
1944, 0, 1, 0, 1
1945, 0, 0, 0, 0
1946, 1, 0, 0, 1
1947, 0, 1, 0, 0
1948, 1, 0, 0, 0
1949, 1, 0, 0, 0
1950, 1, 1, 0, 0
1951, 0, 1, 1, 1
1952, 1, 0, 0, 0
1953, 1, 0, 0, 0
1954, 0, 1, 0, 0
1955, 1, 1, 0, 1
1956, 1, 0, 0, 1
1957, 1, 0, 0, 1
1958, 0, 0, 0, 1
1959, 1, 0, 1, 0
1960, 0, 0, 0, 0
1961, 1, 1, 1, 1
1962, 0, 0, 0, 1
1963, 1, 0, 0, 1
1964, 1, 1, 1, 1
1965, 0, 0, 0, 0
1966, 1, 0, 0, 1
1967, 1, 0, 1, 1
1968, 1, 0, 0, 0
1969, 1, 0, 0, 1
1970, 0, 0, 0, 0
1971, 1, 0, 0, 1
1972, 1, 0, 0, 0
1973, 1, 0, 0, 0
1974, 0, 0, 0, 0
1975, 0, 0, 1, 0
1976, 1, 0, 0, 1
1977, 0, 0, 0, 1
1978, 0, 0, 1, 1
1979, 0, 0, 0, 0
1980, 0, 0, 1, 1
1981, 0, 0, 0, 0
1982, 1, 0, 1, 1
1983, 0, 0, 1, 1
1984, 0, 0, 0, 1
1985, 0, 0, 0, 1
1986, 1, 0, 0, 0
1987, 1, 1, 0, 0
1988, 1, 0, 0, 1
1989, 0, 0, 0, 0
1990, 0, 0, 0, 0
1991, 1, 0, 0, 1
1992, 1, 1, 0, 1
1993, 0, 1, 0, 0
1994, 0, 0, 0, 0
1995, 1, 0, 0, 0
1996, 0, 0, 0, 1
1997, 1, 0, 0, 1
1998, 1, 0, 1, 0
1999, 1, 1, 1, 1
2000, 1, 0, 0, 1
2001, 1, 0, 0, 1
2002, 0, 0, 0, 1
2003, 0, 1, 0, 0
2004, 1, 0, 0, 1
2005, 1, 0, 0, 0
2006, 0, 0, 0, 1
2007, 1, 0, 0, 0
2008, 1, 0, 0, 1
2009, 0, 0, 0, 1
2010, 0, 0, 0, 0
2011, 0, 0, 1, 1
2012, 1, 0, 0, 0
2013, 1, 0, 0, 0
2014, 0, 0, 1, 1
2015, 1, 0, 0, 1
2016, 1, 0, 0, 1
2017, 0, 0, 0, 1
2018, 1, 1, 0, 1
2019, 0, 1, 1, 1
2020, 0, 0, 1, 1
2021, 1, 0, 0, 0
2022, 0, 0, 0, 0
2023, 0, 0, 0, 0
2024, 0, 0, 0, 1
2025, 1, 0, 0, 0
2026, 0, 0, 0, 0
2027, 0, 0, 0, 0
2028, 1, 0, 0, 1
2029, 0, 1, 0, 0
2030, 0, 0, 1, 0
2031, 0, 0, 0, 0
2032, 0, 0, 0, 0
2033, 0, 1, 1, 1
2034, 0, 0, 0, 0
2035, 0, 0, 1, 1
2036, 0, 0, 0, 0
2037, 1, 0, 0, 1
2038, 0, 1, 0, 0
2039, 0, 1, 1, 1
2040, 0, 0, 0, 0
2041, 1, 0, 0, 1
2042, 1, 0, 0, 0
2043, 0, 0, 0, 0
2044, 1, 1, 1, 1
2045, 1, 1, 1, 0
2046, 0, 1, 0, 1
2047, 0, 1, 1, 0
2048, 1, 0, 1, 0
2049, 0, 0, 0, 0
2050, 0, 0, 0, 0
2051, 0, 0, 0, 1
2052, 1, 0, 0, 0
2053, 0, 0, 0, 0
2054, 0, 0, 0, 0
2055, 1, 0, 0, 0
2056, 1, 0, 1, 1
2057, 0, 0, 0, 0
2058, 0, 1, 1, 1
2059, 1, 0, 0, 1
2060, 0, 1, 0, 0
2061, 0, 1, 0, 0
2062, 1, 1, 1, 0
2063, 1, 1, 1, 1
2064, 1, 0, 1, 1
2065, 1, 0, 0, 0
2066, 0, 0, 0, 0
2067, 1, 0, 0, 0
2068, 1, 0, 1, 1
2069, 0, 1, 1, 1
2070, 1, 1, 1, 0
2071, 1, 1, 1, 1
2072, 0, 1, 0, 0
2073, 1, 0, 1, 0
2074, 0, 0, 0, 1
2075, 0, 0, 0, 1
2076, 1, 1, 0, 1
2077, 1, 1, 0, 1
2078, 0, 0, 1, 1
2079, 1, 1, 1, 0
2080, 0, 0, 0, 0
2081, 0, 0, 1, 0
2082, 1, 0, 0, 0
2083, 0, 0, 0, 1
2084, 1, 1, 0, 1
2085, 0, 1, 1, 0
2086, 0, 0, 0, 0
2087, 1, 0, 1, 1
2088, 0, 0, 0, 1
2089, 0, 0, 0, 1
2090, 0, 0, 1, 0
2091, 1, 0, 0, 1
2092, 0, 0, 1, 0
2093, 1, 0, 0, 1
2094, 0, 0, 0, 0
2095, 0, 0, 0, 1
2096, 1, 0, 0, 1
2097, 0, 0, 0, 1
2098, 1, 0, 0, 0
2099, 0, 1, 0, 1
2100, 1, 1, 1, 0
2101, 0, 1, 1, 0
2102, 0, 0, 0, 0
2103, 0, 0, 0, 1
2104, 0, 1, 0, 0
2105, 0, 1, 0, 1
2106, 1, 1, 0, 1
2107, 1, 0, 1, 0
2108, 0, 0, 1, 1
2109, 0, 0, 0, 0
2110, 1, 1, 1, 0
2111, 1, 0, 0, 0
2112, 0, 0, 0, 1
2113, 0, 1, 0, 1
2114, 1, 0, 0, 0
2115, 1, 0, 0, 0
2116, 0, 0, 0, 1
2117, 0, 1, 1, 0
2118, 0, 0, 0, 0
2119, 0, 0, 0, 1
2120, 1, 0, 0, 0
2121, 1, 1, 1, 0
2122, 1, 0, 0, 1
2123, 1, 0, 0, 0
2124, 1, 0, 1, 1
2125, 0, 1, 1, 1
2126, 1, 0, 0, 0
2127, 0, 0, 0, 1
2128, 1, 0, 0, 0
2129, 0, 0, 1, 1
2130, 1, 0, 0, 1
2131, 1, 0, 0, 0
2132, 1, 0, 0, 0
2133, 0, 0, 0, 0
2134, 0, 1, 0, 1
2135, 1, 0, 0, 1
2136, 1, 0, 0, 0
2137, 1, 1, 0, 1
2138, 1, 0, 0, 1
2139, 0, 1, 0, 1
2140, 1, 1, 1, 0
2141, 0, 1, 1, 1
2142, 1, 0, 1, 1
2143, 1, 0, 1, 0
2144, 0, 1, 0, 1
2145, 1, 0, 1, 1
2146, 0, 1, 0, 0
2147, 0, 0, 0, 0
2148, 0, 1, 1, 1
2149, 1, 0, 1, 1
2150, 1, 0, 0, 1
2151, 1, 0, 0, 1
2152, 0, 0, 1, 0
2153, 0, 1, 0, 0
2154, 1, 0, 0, 0
2155, 0, 0, 0, 0
2156, 1, 1, 1, 0
2157, 1, 0, 0, 0
2158, 1, 0, 0, 1
2159, 0, 0, 1, 0
2160, 1, 1, 0, 0
2161, 1, 0, 0, 1
2162, 1, 0, 1, 1
2163, 1, 0, 0, 0
2164, 0, 0, 1, 0
2165, 0, 1, 1, 1
2166, 1, 0, 0, 1
2167, 0, 1, 1, 1
2168, 1, 0, 0, 0
2169, 0, 1, 0, 1
2170, 0, 1, 1, 1
2171, 0, 1, 1, 1
2172, 1, 0, 1, 0
2173, 1, 0, 0, 1
2174, 1, 0, 0, 1
2175, 1, 0, 0, 0
2176, 1, 0, 1, 1
2177, 1, 0, 0, 1
2178, 0, 1, 1, 1
2179, 1, 0, 1, 0
2180, 1, 0, 0, 1
2181, 1, 0, 0, 1
2182, 1, 0, 0, 1
2183, 0, 0, 0, 1
2184, 0, 1, 1, 1
2185, 0, 1, 0, 1
2186, 1, 0, 0, 1
2187, 1, 0, 0, 1
2188, 1, 0, 0, 0
2189, 1, 0, 0, 0
2190, 1, 0, 0, 1
2191, 0, 0, 1, 0
2192, 1, 1, 1, 0
2193, 0, 0, 0, 0
2194, 0, 0, 0, 1
2195, 0, 0, 1, 1
2196, 0, 0, 1, 1
2197, 1, 0, 1, 1
2198, 1, 1, 1, 1
2199, 0, 0, 0, 1
2200, 0, 1, 1, 1
2201, 0, 0, 0, 1
2202, 0, 1, 1, 1
2203, 1, 0, 0, 1
2204, 1, 1, 1, 0
2205, 1, 0, 0, 0
2206, 0, 1, 1, 0
2207, 0, 0, 0, 0
2208, 1, 0, 0, 1
2209, 0, 1, 0, 0
2210, 1, 0, 0, 1
2211, 0, 1, 0, 1
2212, 1, 0, 0, 0
2213, 0, 1, 0, 0
2214, 1, 0, 0, 1
2215, 1, 0, 0, 1
2216, 1, 0, 0, 0
2217, 1, 0, 0, 0
2218, 0, 1, 1, 1
2219, 0, 0, 0, 1
2220, 1, 0, 0, 1
2221, 1, 0, 0, 1
2222, 0, 1, 1, 0
2223, 1, 1, 0, 1
2224, 1, 1, 1, 1
2225, 0, 0, 0, 0
2226, 0, 0, 0, 0
2227, 0, 0, 0, 0
2228, 0, 0, 0, 0
2229, 0, 0, 0, 0
2230, 0, 0, 0, 0
2231, 1, 0, 1, 0
2232, 0, 0, 0, 1
2233, 1, 0, 0, 1
2234, 0, 1, 0, 1
2235, 1, 1, 1, 1
2236, 0, 1, 1, 1
2237, 1, 0, 0, 1
2238, 1, 0, 1, 0
2239, 1, 0, 1, 1
2240, 0, 1, 1, 0
2241, 0, 0, 0, 1
2242, 0, 0, 1, 1
2243, 0, 0, 0, 0
2244, 0, 0, 0, 1
2245, 0, 1, 1, 1
2246, 0, 0, 1, 1
2247, 0, 0, 0, 0
2248, 0, 0, 0, 0
2249, 1, 1, 0, 1
2250, 1, 0, 0, 1
2251, 1, 0, 0, 0
2252, 0, 0, 0, 1
2253, 0, 0, 1, 1
2254, 0, 0, 0, 1
2255, 1, 0, 0, 1
2256, 0, 0, 1, 1
2257, 0, 0, 0, 1
2258, 0, 0, 1, 1
2259, 0, 0, 0, 0
2260, 0, 0, 0, 1
2261, 1, 0, 0, 0
2262, 1, 0, 0, 1
2263, 1, 0, 0, 0
2264, 0, 0, 0, 0
2265, 0, 0, 0, 0
2266, 1, 0, 0, 0
2267, 0, 0, 0, 1
2268, 0, 1, 1, 0
2269, 0, 0, 0, 1
2270, 1, 1, 0, 0
2271, 1, 0, 0, 1
2272, 0, 0, 0, 0
2273, 1, 1, 0, 0
2274, 0, 0, 0, 0
2275, 0, 0, 0, 1
2276, 1, 1, 0, 1
2277, 0, 0, 0, 1
2278, 0, 1, 1, 0
2279, 0, 1, 0, 0
2280, 0, 1, 1, 0
2281, 0, 0, 0, 1
2282, 0, 0, 0, 0
2283, 0, 0, 0, 1
2284, 0, 0, 0, 1
2285, 0, 0, 0, 1
2286, 1, 0, 0, 1
2287, 0, 0, 0, 1
2288, 1, 0, 0, 1
2289, 0, 0, 0, 0
2290, 0, 0, 0, 0
2291, 1, 0, 0, 0
2292, 1, 0, 1, 0
2293, 1, 1, 1, 0
2294, 0, 1, 0, 1
2295, 1, 1, 0, 1
2296, 1, 1, 1, 0
2297, 0, 0, 0, 0
2298, 0, 0, 1, 0
2299, 0, 0, 0, 1
2300, 0, 1, 0, 1
2301, 0, 0, 0, 0
2302, 1, 1, 0, 1
2303, 0, 0, 0, 0
2304, 0, 0, 1, 1
2305, 1, 0, 0, 1
2306, 1, 0, 0, 1
2307, 1, 0, 0, 0
2308, 1, 0, 0, 1
2309, 0, 0, 0, 0
2310, 1, 1, 1, 1
2311, 1, 1, 0, 0
2312, 1, 0, 0, 1
2313, 1, 0, 0, 1
2314, 0, 0, 1, 0
2315, 0, 0, 0, 0
2316, 0, 1, 0, 1
2317, 1, 1, 1, 1
2318, 1, 0, 0, 0
2319, 0, 1, 1, 0
2320, 0, 0, 0, 0
2321, 0, 0, 0, 1
2322, 1, 1, 1, 1
2323, 1, 0, 0, 1
2324, 1, 0, 1, 1
2325, 0, 0, 0, 0
2326, 1, 0, 0, 0
2327, 1, 0, 0, 1
2328, 1, 1, 0, 0
2329, 1, 1, 1, 1
2330, 0, 1, 1, 1
2331, 0, 1, 0, 1
2332, 0, 1, 1, 0
2333, 1, 0, 0, 1
2334, 1, 0, 0, 1
2335, 0, 0, 0, 0
2336, 1, 0, 0, 1
2337, 1, 1, 0, 1
2338, 0, 0, 0, 0
2339, 0, 0, 0, 0
2340, 0, 0, 0, 0
2341, 0, 0, 0, 0
2342, 1, 1, 0, 1
2343, 0, 1, 1, 1
2344, 1, 0, 0, 1
2345, 0, 0, 0, 0
2346, 0, 0, 0, 1
2347, 1, 1, 1, 0
2348, 1, 1, 0, 0
2349, 1, 0, 0, 0
2350, 0, 1, 0, 0
2351, 0, 0, 0, 1
2352, 1, 0, 1, 1
2353, 1, 1, 1, 1
2354, 0, 0, 0, 1
2355, 0, 1, 1, 1
2356, 1, 1, 1, 1
2357, 0, 0, 0, 0
2358, 1, 1, 1, 0
2359, 1, 0, 0, 0
2360, 0, 0, 0, 0
2361, 1, 0, 0, 0
2362, 0, 0, 1, 1
2363, 1, 0, 0, 0
2364, 1, 0, 0, 0
2365, 0, 0, 0, 0
2366, 1, 0, 0, 0
2367, 0, 1, 0, 1
2368, 0, 0, 0, 0
2369, 0, 1, 1, 0
2370, 0, 0, 0, 0
2371, 0, 1, 0, 0
2372, 0, 0, 0, 0
2373, 0, 1, 0, 1
2374, 0, 0, 1, 1
2375, 0, 0, 0, 0
2376, 1, 0, 0, 1
2377, 0, 0, 0, 0
2378, 1, 0, 0, 1
2379, 0, 0, 0, 1
2380, 0, 0, 0, 0
2381, 1, 0, 0, 0
2382, 1, 0, 0, 1
2383, 0, 0, 0, 0
2384, 0, 1, 0, 1
2385, 1, 1, 0, 1
2386, 1, 0, 0, 1
2387, 0, 0, 1, 0
2388, 0, 0, 0, 1
2389, 0, 0, 0, 0
2390, 1, 1, 0, 0
2391, 0, 0, 0, 1
2392, 1, 0, 0, 0
2393, 1, 1, 0, 1
2394, 1, 0, 0, 0
2395, 0, 0, 0, 1
2396, 1, 0, 0, 1
2397, 0, 1, 1, 0
2398, 0, 1, 1, 0
2399, 0, 1, 1, 1
2400, 0, 1, 0, 0
2401, 1, 0, 1, 0
2402, 1, 0, 0, 1
2403, 0, 0, 0, 0
2404, 1, 0, 0, 1
2405, 0, 0, 0, 1
2406, 1, 0, 1, 0
2407, 1, 0, 0, 0
2408, 0, 0, 0, 0
2409, 1, 1, 0, 1
2410, 1, 0, 0, 0
2411, 1, 0, 0, 1
2412, 0, 0, 0, 0
2413, 1, 0, 0, 1
2414, 0, 0, 0, 1
2415, 0, 1, 0, 0
2416, 0, 0, 1, 1
2417, 1, 0, 0, 0
2418, 0, 0, 0, 0
2419, 0, 0, 0, 1
2420, 1, 0, 1, 1
2421, 0, 0, 0, 1
2422, 0, 0, 0, 0
2423, 0, 0, 1, 1
2424, 0, 1, 1, 1
2425, 0, 1, 1, 0
2426, 0, 0, 0, 1
2427, 1, 0, 0, 1
2428, 1, 1, 0, 0
2429, 0, 0, 1, 0
2430, 1, 0, 0, 1
2431, 0, 1, 1, 0
2432, 1, 0, 1, 0
2433, 1, 0, 0, 0
2434, 0, 0, 1, 1
2435, 0, 0, 1, 1
2436, 1, 0, 1, 0
2437, 1, 0, 0, 1
2438, 0, 0, 0, 0
2439, 0, 0, 0, 1
2440, 0, 0, 0, 1
2441, 1, 1, 0, 0
2442, 0, 0, 0, 0
2443, 1, 1, 0, 0
2444, 0, 0, 0, 0
2445, 1, 1, 1, 0
2446, 0, 0, 0, 0
2447, 1, 1, 1, 1
2448, 0, 1, 0, 1
2449, 0, 0, 0, 1
2450, 1, 0, 0, 0
2451, 1, 0, 1, 1
2452, 0, 1, 0, 1
2453, 1, 0, 0, 0
2454, 0, 0, 0, 0
2455, 1, 0, 1, 1
2456, 1, 0, 0, 1
2457, 0, 0, 1, 1
2458, 0, 0, 0, 1
2459, 0, 0, 0, 0
2460, 1, 0, 0, 0
2461, 0, 0, 0, 0
2462, 0, 1, 0, 0
2463, 1, 1, 0, 0
2464, 0, 1, 1, 1
2465, 0, 0, 0, 0
2466, 1, 0, 0, 1
2467, 0, 0, 0, 0
2468, 0, 1, 1, 1
2469, 1, 0, 0, 0
2470, 1, 0, 1, 1
2471, 0, 0, 1, 0
2472, 1, 0, 0, 1
2473, 0, 0, 0, 1
2474, 0, 1, 1, 1
2475, 1, 0, 0, 1
2476, 1, 0, 0, 1
2477, 1, 0, 1, 1
2478, 0, 0, 1, 0
2479, 1, 0, 0, 1
2480, 1, 1, 0, 0
2481, 1, 1, 1, 0
2482, 0, 1, 0, 1
2483, 0, 0, 0, 0
2484, 1, 1, 1, 1
2485, 0, 1, 0, 0
2486, 0, 0, 0, 0
2487, 1, 0, 0, 1
2488, 1, 0, 0, 0
2489, 0, 1, 0, 0
2490, 0, 1, 0, 1
2491, 1, 0, 0, 1
2492, 0, 1, 1, 1
2493, 0, 0, 0, 0
2494, 1, 0, 0, 1
2495, 0, 0, 0, 0
2496, 0, 0, 0, 0
2497, 0, 0, 0, 0
2498, 1, 1, 1, 0
2499, 1, 0, 0, 1
2500, 1, 0, 1, 1
2501, 0, 0, 0, 0
2502, 0, 0, 0, 0
2503, 1, 0, 0, 0
2504, 0, 0, 0, 1
2505, 0, 0, 0, 1
2506, 1, 1, 1, 1
2507, 0, 0, 0, 1
2508, 1, 0, 0, 1
2509, 1, 0, 0, 1
2510, 1, 0, 0, 0
2511, 1, 0, 0, 0
2512, 0, 0, 0, 0
2513, 0, 0, 0, 0
2514, 1, 1, 1, 1
2515, 1, 0, 0, 1
2516, 0, 1, 0, 0
2517, 0, 1, 0, 0
2518, 0, 0, 0, 1
2519, 1, 0, 1, 1
2520, 1, 0, 0, 1
2521, 1, 1, 0, 0
2522, 0, 0, 1, 1
2523, 0, 1, 0, 0
2524, 1, 0, 0, 1
2525, 1, 1, 0, 1
2526, 1, 1, 1, 0
2527, 1, 0, 1, 1
2528, 0, 1, 1, 0
2529, 0, 1, 0, 1
2530, 0, 1, 1, 1
2531, 1, 0, 0, 1
2532, 0, 0, 0, 1
2533, 0, 0, 0, 1
2534, 0, 0, 1, 1
2535, 0, 0, 1, 1
2536, 1, 0, 0, 1
2537, 0, 0, 0, 0
2538, 0, 0, 0, 1
2539, 0, 1, 0, 1
2540, 1, 0, 1, 0
2541, 1, 1, 1, 0
2542, 0, 1, 0, 0
2543, 0, 0, 0, 0
2544, 0, 0, 0, 1
2545, 1, 0, 1, 1
2546, 0, 0, 1, 1
2547, 1, 1, 1, 0
2548, 0, 0, 0, 0
2549, 1, 1, 1, 1
2550, 1, 1, 0, 1
2551, 1, 1, 1, 1
2552, 0, 1, 0, 1
2553, 1, 0, 0, 1
2554, 1, 0, 0, 0
2555, 0, 0, 0, 0
2556, 0, 0, 0, 0
2557, 0, 0, 1, 1
2558, 1, 0, 0, 1
2559, 1, 0, 1, 1
2560, 1, 1, 0, 1
2561, 0, 0, 0, 1
2562, 1, 0, 0, 1
2563, 1, 0, 0, 0
2564, 0, 1, 0, 0
2565, 1, 1, 1, 1
2566, 0, 0, 0, 1
2567, 0, 0, 0, 0
2568, 0, 1, 1, 1
2569, 1, 1, 1, 1
2570, 1, 1, 0, 1
2571, 1, 0, 0, 1
2572, 0, 0, 0, 0
2573, 1, 0, 0, 0
2574, 0, 1, 1, 0
2575, 0, 0, 0, 1
2576, 0, 0, 0, 1
2577, 0, 0, 0, 1
2578, 1, 0, 0, 0
2579, 1, 1, 0, 1
2580, 0, 0, 1, 1
2581, 1, 0, 0, 1
2582, 1, 0, 0, 1
2583, 0, 1, 1, 1
2584, 0, 0, 0, 0
2585, 0, 0, 0, 0
2586, 1, 1, 1, 1
2587, 0, 0, 0, 1
2588, 0, 1, 1, 0
2589, 0, 0, 0, 0
2590, 1, 1, 1, 1
2591, 0, 1, 0, 1
2592, 0, 0, 0, 1
2593, 0, 0, 0, 1
2594, 0, 0, 0, 0
2595, 0, 0, 0, 1
2596, 0, 1, 1, 0
2597, 1, 0, 0, 1
2598, 0, 0, 0, 0
2599, 1, 1, 0, 0
2600, 0, 0, 0, 1
2601, 0, 0, 1, 1
2602, 0, 1, 1, 0
2603, 1, 0, 0, 0
2604, 0, 1, 1, 1
2605, 0, 0, 0, 1
2606, 1, 0, 0, 1
2607, 0, 0, 0, 1
2608, 0, 0, 0, 0
2609, 0, 1, 0, 0
2610, 0, 1, 1, 1
2611, 1, 0, 0, 1
2612, 1, 0, 1, 0
2613, 1, 1, 0, 1
2614, 1, 0, 0, 1
2615, 1, 1, 0, 1
2616, 1, 0, 0, 0
2617, 1, 1, 0, 0
2618, 1, 0, 1, 1
2619, 0, 1, 1, 1
2620, 1, 1, 0, 1
2621, 1, 1, 0, 0
2622, 1, 1, 1, 1
2623, 0, 0, 0, 0
2624, 0, 0, 1, 0
2625, 1, 0, 0, 0
2626, 0, 0, 0, 1
2627, 1, 1, 1, 0
2628, 0, 0, 0, 0
2629, 0, 1, 1, 1
2630, 0, 0, 1, 1
2631, 1, 0, 0, 1
2632, 1, 0, 0, 0
2633, 1, 0, 0, 1
2634, 1, 0, 0, 1
2635, 0, 0, 0, 0
2636, 0, 0, 1, 0
2637, 0, 0, 0, 1
2638, 1, 1, 1, 1
2639, 0, 1, 1, 1
2640, 1, 0, 0, 1
2641, 1, 0, 0, 0
2642, 1, 0, 0, 1
2643, 0, 0, 0, 1
2644, 1, 0, 0, 1
2645, 0, 0, 0, 1
2646, 1, 1, 0, 0
2647, 0, 1, 1, 0
2648, 0, 1, 1, 1
2649, 0, 1, 1, 1
2650, 0, 1, 0, 1
2651, 0, 0, 1, 1
2652, 0, 0, 0, 0
2653, 1, 0, 0, 0
2654, 0, 1, 0, 1
2655, 0, 1, 0, 0
2656, 1, 0, 0, 0
2657, 0, 0, 0, 0
2658, 0, 0, 0, 0
2659, 1, 0, 1, 1
2660, 1, 0, 0, 1
2661, 1, 0, 0, 0
2662, 0, 0, 0, 0
2663, 0, 1, 0, 1
2664, 0, 1, 1, 1
2665, 0, 0, 0, 1
2666, 0, 0, 0, 1
2667, 0, 1, 1, 0
2668, 0, 0, 0, 0
2669, 1, 0, 1, 1
2670, 0, 0, 1, 1
2671, 1, 0, 0, 0
2672, 1, 0, 1, 1
2673, 1, 1, 1, 0
2674, 1, 1, 1, 0
2675, 1, 0, 1, 0
2676, 0, 1, 1, 1
2677, 1, 0, 0, 0
2678, 0, 0, 0, 0
2679, 0, 0, 0, 0
2680, 0, 0, 0, 0
2681, 0, 1, 0, 0
2682, 0, 1, 1, 1
2683, 1, 1, 0, 0
2684, 0, 1, 1, 1
2685, 1, 1, 0, 0
2686, 0, 0, 0, 1
2687, 1, 0, 0, 0
2688, 1, 0, 1, 1
2689, 1, 0, 0, 1
2690, 0, 1, 1, 1
2691, 0, 0, 0, 0
2692, 1, 0, 0, 0
2693, 1, 1, 0, 1
2694, 1, 0, 0, 0
2695, 0, 0, 0, 1
2696, 1, 0, 0, 0
2697, 0, 1, 1, 1
2698, 1, 0, 0, 0
2699, 0, 0, 1, 0
2700, 1, 0, 0, 1
2701, 0, 0, 0, 0
2702, 1, 0, 0, 1
2703, 0, 1, 1, 1
2704, 0, 1, 1, 1
2705, 1, 0, 0, 0
2706, 0, 0, 1, 1
2707, 0, 0, 0, 0
2708, 1, 1, 0, 1
2709, 0, 0, 0, 1
2710, 1, 0, 0, 1
2711, 0, 1, 0, 1
2712, 0, 0, 0, 0
2713, 0, 1, 0, 1
2714, 0, 0, 0, 1
2715, 1, 0, 0, 0
2716, 0, 1, 1, 0
2717, 0, 0, 0, 1
2718, 0, 0, 0, 0
2719, 0, 0, 0, 0
2720, 0, 0, 1, 0
2721, 0, 0, 1, 0
2722, 1, 0, 0, 0
2723, 1, 0, 0, 1
2724, 1, 1, 0, 1
2725, 0, 0, 0, 1
2726, 0, 1, 1, 1
2727, 0, 0, 1, 1
2728, 0, 0, 0, 1
2729, 0, 1, 0, 1
2730, 1, 1, 1, 1
2731, 1, 0, 0, 0
2732, 1, 0, 0, 1
2733, 0, 1, 1, 1
2734, 0, 1, 1, 0
2735, 0, 0, 0, 1
2736, 1, 1, 1, 1
2737, 1, 0, 0, 0
2738, 1, 0, 0, 1
2739, 1, 1, 1, 0
2740, 1, 0, 0, 0
2741, 0, 0, 1, 0
2742, 0, 0, 0, 1
2743, 1, 1, 1, 1
2744, 0, 0, 0, 1
2745, 0, 0, 1, 0
2746, 0, 0, 0, 0
2747, 1, 0, 0, 0
2748, 1, 1, 1, 1
2749, 1, 1, 1, 1
2750, 0, 0, 0, 0
2751, 0, 1, 1, 0
2752, 0, 0, 0, 1
2753, 0, 0, 0, 1
2754, 0, 0, 0, 1
2755, 0, 1, 0, 1
2756, 0, 0, 0, 1
2757, 0, 0, 0, 1
2758, 1, 1, 1, 0
2759, 1, 0, 0, 1
2760, 1, 1, 1, 1
2761, 0, 0, 0, 0
2762, 0, 1, 0, 1
2763, 0, 0, 0, 0
2764, 0, 0, 0, 1
2765, 1, 0, 0, 0
2766, 0, 1, 0, 0
2767, 0, 0, 0, 1
2768, 0, 0, 0, 1
2769, 1, 0, 0, 1
2770, 0, 1, 1, 1
2771, 1, 1, 0, 1
2772, 1, 1, 1, 1
2773, 1, 1, 0, 0
2774, 1, 1, 1, 1
2775, 0, 1, 1, 1
2776, 1, 0, 1, 1
2777, 0, 0, 0, 0
2778, 1, 0, 0, 1
2779, 1, 0, 0, 0
2780, 0, 0, 1, 0
2781, 1, 1, 1, 1
2782, 1, 0, 0, 0
2783, 0, 0, 0, 0
2784, 0, 0, 0, 0
2785, 0, 1, 1, 0
2786, 0, 0, 0, 0
2787, 0, 0, 0, 0
2788, 0, 1, 1, 1
2789, 1, 0, 0, 1
2790, 0, 1, 1, 1
2791, 1, 1, 1, 1
2792, 0, 1, 1, 1
2793, 1, 0, 0, 0
2794, 1, 0, 0, 1
2795, 0, 0, 0, 1
2796, 1, 0, 0, 0
2797, 0, 0, 0, 0
2798, 0, 1, 0, 0
2799, 0, 0, 1, 1
2800, 1, 1, 0, 1
2801, 0, 0, 0, 0
2802, 0, 0, 0, 1
2803, 1, 0, 1, 1
2804, 1, 0, 0, 1
2805, 1, 1, 1, 1
2806, 1, 1, 0, 1
2807, 1, 0, 0, 1
2808, 0, 0, 0, 0
2809, 1, 0, 0, 0
2810, 1, 0, 0, 1
2811, 0, 1, 1, 0
2812, 0, 1, 0, 0
2813, 1, 0, 0, 0
2814, 0, 1, 1, 1
2815, 1, 1, 0, 1
2816, 0, 0, 0, 1
2817, 1, 1, 0, 1
2818, 1, 0, 1, 1
2819, 1, 1, 1, 0
2820, 0, 1, 0, 1
2821, 1, 1, 0, 1
2822, 0, 1, 1, 0
2823, 1, 0, 0, 1
2824, 0, 0, 0, 0
2825, 0, 0, 0, 1
2826, 0, 1, 0, 1
2827, 0, 0, 0, 0
2828, 1, 0, 1, 1
2829, 0, 1, 0, 1
2830, 1, 1, 0, 1
2831, 1, 0, 0, 0
2832, 1, 0, 0, 1
2833, 0, 0, 0, 1
2834, 0, 0, 0, 1
2835, 0, 0, 0, 1
2836, 0, 1, 0, 0
2837, 1, 0, 0, 1
2838, 1, 0, 0, 1
2839, 0, 0, 1, 1
2840, 0, 0, 0, 1
2841, 1, 0, 0, 0
2842, 1, 0, 0, 1
2843, 0, 0, 1, 1
2844, 1, 0, 1, 1
2845, 0, 1, 1, 0
2846, 1, 0, 0, 1
2847, 1, 1, 0, 1
2848, 0, 0, 0, 0
2849, 1, 1, 0, 1
2850, 1, 0, 0, 1
2851, 0, 0, 1, 0
2852, 1, 1, 1, 0
2853, 0, 0, 0, 1
2854, 1, 0, 0, 1
2855, 1, 1, 0, 1
2856, 0, 1, 1, 0
2857, 0, 0, 0, 1
2858, 0, 1, 1, 1
2859, 0, 0, 0, 1
2860, 1, 0, 1, 0
2861, 1, 1, 0, 1
2862, 1, 0, 1, 1
2863, 0, 0, 0, 0
2864, 1, 0, 0, 1
2865, 0, 0, 1, 1
2866, 0, 0, 0, 0
2867, 0, 0, 0, 1
2868, 1, 0, 0, 0
2869, 0, 0, 1, 1
2870, 0, 0, 0, 0
2871, 0, 0, 0, 0
2872, 0, 0, 0, 1
2873, 0, 0, 0, 0
2874, 0, 1, 1, 1
2875, 1, 1, 0, 1
2876, 0, 0, 0, 0
2877, 0, 0, 0, 1
2878, 0, 0, 0, 1
2879, 0, 1, 0, 0
2880, 0, 1, 0, 1
2881, 1, 1, 0, 1
2882, 0, 0, 0, 0
2883, 1, 1, 1, 1
2884, 0, 0, 0, 1
2885, 0, 0, 0, 0
2886, 1, 0, 0, 0
2887, 0, 1, 1, 1
2888, 0, 0, 0, 0
2889, 0, 0, 0, 0
2890, 1, 0, 0, 0
2891, 0, 0, 0, 1
2892, 1, 0, 1, 1
2893, 0, 0, 0, 0
2894, 1, 1, 0, 1
2895, 1, 1, 1, 1
2896, 1, 0, 0, 1
2897, 1, 0, 0, 1
2898, 1, 0, 0, 1
2899, 0, 0, 0, 0
2900, 1, 0, 1, 1
2901, 0, 1, 0, 0
2902, 0, 1, 1, 0
2903, 1, 0, 0, 0
2904, 1, 0, 0, 1
2905, 0, 0, 0, 1
2906, 1, 1, 1, 0
2907, 1, 0, 0, 1
2908, 1, 0, 0, 0
2909, 0, 0, 0, 0
2910, 0, 0, 0, 0
2911, 1, 0, 0, 1
2912, 1, 1, 1, 1
2913, 0, 0, 0, 1
2914, 1, 1, 1, 1
2915, 1, 0, 0, 1
2916, 1, 1, 0, 0
2917, 0, 0, 0, 0
2918, 0, 0, 0, 0
2919, 1, 1, 1, 0
2920, 1, 1, 0, 1
2921, 1, 0, 0, 0
2922, 1, 1, 0, 1
2923, 1, 1, 1, 1
2924, 0, 0, 0, 0
2925, 1, 0, 0, 0
2926, 0, 0, 0, 1
2927, 0, 0, 1, 0
2928, 1, 0, 0, 0
2929, 1, 0, 1, 0
2930, 0, 0, 1, 1
2931, 1, 0, 0, 1
2932, 0, 1, 1, 0
2933, 0, 1, 1, 1
2934, 0, 1, 1, 1
2935, 1, 0, 0, 1
2936, 1, 1, 1, 1
2937, 0, 1, 0, 1
2938, 0, 0, 0, 0
2939, 0, 1, 1, 1
2940, 1, 1, 0, 1
2941, 1, 1, 0, 1
2942, 0, 0, 1, 1
2943, 0, 0, 0, 0
2944, 1, 0, 0, 0
2945, 0, 0, 0, 0
2946, 0, 1, 1, 1
2947, 1, 1, 0, 1
2948, 0, 1, 1, 1
2949, 1, 0, 1, 1
2950, 1, 0, 0, 1
2951, 1, 1, 0, 1
2952, 0, 1, 0, 1
2953, 0, 0, 0, 0
2954, 0, 0, 0, 0
2955, 0, 1, 0, 0
2956, 1, 0, 0, 1
2957, 1, 0, 0, 1
2958, 1, 0, 0, 1
2959, 1, 0, 0, 1
2960, 1, 1, 0, 0
2961, 0, 0, 1, 0
2962, 0, 1, 0, 0
2963, 1, 0, 0, 1
2964, 0, 1, 1, 1
2965, 1, 0, 0, 0
2966, 1, 0, 0, 0
2967, 0, 0, 0, 1
2968, 1, 0, 1, 1
2969, 1, 0, 0, 1
2970, 1, 0, 0, 0
2971, 0, 0, 0, 1
2972, 0, 0, 0, 1
2973, 1, 1, 1, 0
2974, 1, 0, 1, 1
2975, 1, 0, 0, 1
2976, 1, 0, 1, 0
2977, 0, 0, 0, 1
2978, 0, 0, 0, 0
2979, 1, 0, 0, 0
2980, 0, 0, 0, 0
2981, 0, 1, 0, 0
2982, 1, 0, 0, 0
2983, 0, 0, 0, 0
2984, 0, 0, 0, 0
2985, 0, 1, 0, 1
2986, 0, 0, 0, 1
2987, 0, 0, 1, 0
2988, 1, 1, 1, 1
2989, 1, 0, 0, 0
2990, 1, 1, 0, 1
2991, 0, 0, 0, 0
2992, 0, 0, 1, 1
2993, 1, 0, 0, 1
2994, 1, 0, 0, 0
2995, 0, 1, 1, 1
2996, 0, 1, 0, 0
2997, 0, 0, 0, 1
2998, 0, 0, 0, 0
2999, 1, 0, 0, 1
3000, 1, 0, 0, 1
3001, 1, 0, 1, 0
3002, 0, 1, 1, 1
3003, 0, 1, 1, 1
3004, 1, 1, 0, 1
3005, 0, 0, 0, 0
3006, 0, 1, 0, 0
3007, 1, 1, 1, 0
3008, 1, 0, 0, 1
3009, 1, 1, 1, 1
3010, 1, 0, 0, 1
3011, 1, 0, 0, 1
3012, 1, 0, 0, 1
3013, 0, 1, 0, 1
3014, 0, 1, 0, 1
3015, 1, 0, 1, 1
3016, 0, 0, 0, 0
3017, 0, 1, 0, 1
3018, 0, 1, 0, 1
3019, 1, 0, 0, 0
3020, 1, 1, 0, 1
3021, 1, 0, 1, 1
3022, 1, 0, 0, 1
3023, 0, 0, 0, 1
3024, 1, 1, 1, 1
3025, 0, 0, 0, 1
3026, 0, 0, 0, 0
3027, 1, 0, 1, 1
3028, 0, 1, 0, 1
3029, 1, 0, 0, 1
3030, 1, 0, 0, 0
3031, 0, 0, 1, 0
3032, 0, 0, 1, 0
3033, 1, 0, 0, 1
3034, 1, 1, 0, 1
3035, 1, 0, 1, 1
3036, 0, 0, 0, 0
3037, 0, 0, 0, 0
3038, 1, 0, 0, 0
3039, 0, 1, 1, 1
3040, 0, 1, 0, 0
3041, 0, 0, 0, 1
3042, 1, 0, 0, 0
3043, 1, 0, 0, 0
3044, 1, 0, 0, 1
3045, 0, 0, 0, 0
3046, 0, 0, 0, 0
3047, 0, 0, 0, 0
3048, 0, 0, 1, 0
3049, 1, 0, 0, 1
3050, 0, 0, 0, 0
3051, 1, 1, 0, 1
3052, 0, 0, 0, 1
3053, 0, 0, 0, 0
3054, 1, 0, 0, 1
3055, 1, 0, 0, 1
3056, 0, 0, 1, 1
3057, 0, 0, 0, 0
3058, 0, 0, 0, 0
3059, 0, 0, 0, 1
3060, 0, 0, 0, 1
3061, 1, 0, 0, 1
3062, 1, 1, 1, 0
3063, 0, 0, 0, 0
3064, 0, 0, 0, 0
3065, 0, 0, 0, 0
3066, 0, 0, 1, 1
3067, 0, 0, 0, 0
3068, 0, 1, 1, 1
3069, 0, 0, 0, 1
3070, 0, 1, 1, 1
3071, 0, 1, 0, 1
3072, 1, 0, 0, 0
3073, 1, 0, 1, 1
3074, 0, 0, 1, 0
3075, 0, 0, 0, 1
3076, 0, 1, 1, 1
3077, 0, 1, 1, 0
3078, 0, 0, 0, 1
3079, 1, 0, 0, 1
3080, 0, 0, 0, 1
3081, 1, 0, 0, 0
3082, 1, 0, 0, 0
3083, 1, 0, 0, 1
3084, 0, 1, 1, 1
3085, 0, 0, 0, 0
3086, 1, 0, 0, 1
3087, 1, 1, 1, 0
3088, 0, 0, 0, 1
3089, 0, 0, 0, 0
3090, 0, 0, 0, 1
3091, 1, 0, 0, 0
3092, 1, 1, 0, 1
3093, 1, 0, 0, 1
3094, 0, 0, 1, 1
3095, 1, 1, 1, 0
3096, 1, 0, 0, 0
3097, 1, 0, 0, 0
3098, 1, 0, 0, 0
3099, 0, 1, 0, 1
3100, 0, 0, 0, 0
3101, 1, 0, 0, 1
3102, 0, 0, 0, 0
3103, 0, 0, 0, 0
3104, 0, 1, 1, 1
3105, 0, 0, 1, 0
3106, 0, 0, 0, 1
3107, 1, 1, 1, 1
3108, 0, 0, 0, 1
3109, 1, 0, 0, 1
3110, 0, 0, 0, 0
3111, 0, 0, 0, 1
3112, 0, 1, 1, 0
3113, 0, 0, 0, 0
3114, 1, 0, 0, 1
3115, 0, 0, 0, 1
3116, 1, 0, 0, 0
3117, 0, 0, 1, 1
3118, 1, 1, 1, 1
3119, 1, 0, 0, 1
3120, 1, 0, 0, 1
3121, 1, 0, 0, 1
3122, 1, 0, 0, 1
3123, 1, 0, 0, 0
3124, 1, 0, 0, 1
3125, 0, 0, 0, 0
3126, 1, 1, 0, 0
3127, 0, 0, 0, 1
3128, 1, 0, 0, 1
3129, 0, 0, 0, 1
3130, 0, 1, 0, 1
3131, 0, 1, 0, 0
3132, 1, 1, 1, 0
3133, 0, 1, 0, 0
3134, 1, 0, 1, 0
3135, 1, 0, 0, 1
3136, 1, 0, 0, 0
3137, 0, 0, 1, 0
3138, 1, 0, 1, 1
3139, 1, 0, 0, 1
3140, 1, 0, 0, 1
3141, 0, 0, 0, 1
3142, 1, 0, 0, 1
3143, 0, 0, 0, 0
3144, 0, 1, 0, 0
3145, 0, 0, 1, 1
3146, 0, 1, 1, 0
3147, 0, 0, 0, 1
3148, 0, 1, 1, 1
3149, 0, 0, 0, 0
3150, 0, 0, 0, 0
3151, 0, 0, 0, 0
3152, 1, 1, 1, 0
3153, 1, 0, 1, 1
3154, 1, 0, 0, 1
3155, 1, 0, 0, 1
3156, 0, 0, 0, 0
3157, 0, 0, 0, 0
3158, 0, 0, 0, 1
3159, 0, 0, 1, 1
3160, 1, 0, 0, 1
3161, 0, 1, 0, 1
3162, 1, 0, 0, 1
3163, 1, 1, 1, 0
3164, 0, 0, 0, 1
3165, 1, 0, 1, 1
3166, 0, 0, 0, 0
3167, 0, 1, 0, 1
3168, 0, 0, 0, 1
3169, 0, 0, 1, 1
3170, 0, 0, 0, 0
3171, 0, 0, 0, 1
3172, 1, 0, 0, 0
3173, 1, 0, 0, 1
3174, 1, 1, 0, 1
3175, 1, 0, 1, 1
3176, 1, 0, 0, 1
3177, 0, 1, 1, 0
3178, 1, 0, 1, 0
3179, 0, 0, 0, 0
3180, 1, 1, 1, 1
3181, 0, 1, 1, 1
3182, 1, 0, 0, 1
3183, 0, 0, 0, 0
3184, 0, 0, 0, 0
3185, 0, 0, 0, 1
3186, 1, 0, 0, 1
3187, 0, 0, 1, 0
3188, 1, 0, 0, 0
3189, 0, 0, 0, 0
3190, 1, 0, 0, 0
3191, 1, 0, 0, 1
3192, 0, 0, 0, 0
3193, 0, 1, 1, 1
3194, 0, 1, 0, 1
3195, 0, 0, 0, 1
3196, 0, 0, 0, 1
3197, 1, 0, 0, 0
3198, 1, 0, 0, 0
3199, 0, 0, 0, 0
3200, 0, 0, 0, 1
3201, 1, 0, 1, 1
3202, 1, 1, 1, 1
3203, 0, 0, 0, 1
3204, 1, 0, 0, 0
3205, 0, 0, 0, 0
3206, 0, 0, 0, 1
3207, 1, 0, 0, 1
3208, 0, 0, 0, 1
3209, 0, 0, 1, 1
3210, 0, 0, 0, 0
3211, 1, 0, 0, 0
3212, 1, 1, 1, 0
3213, 1, 1, 1, 1
3214, 1, 0, 0, 0
3215, 0, 0, 1, 0
3216, 1, 1, 0, 1
3217, 1, 0, 0, 1
3218, 1, 0, 0, 1
3219, 0, 0, 0, 0
3220, 1, 0, 0, 0
3221, 0, 0, 0, 0
3222, 0, 0, 1, 0
3223, 0, 0, 0, 0
3224, 0, 0, 0, 1
3225, 1, 1, 1, 1
3226, 0, 0, 0, 1
3227, 1, 1, 1, 0
3228, 1, 0, 0, 0
3229, 1, 0, 0, 1
3230, 0, 0, 0, 0
3231, 1, 0, 0, 0
3232, 1, 1, 1, 1
3233, 0, 1, 1, 1
3234, 0, 0, 0, 1
3235, 0, 0, 0, 0
3236, 0, 0, 0, 0
3237, 0, 1, 1, 0
3238, 1, 0, 0, 0
3239, 1, 1, 0, 0
3240, 1, 0, 1, 1
3241, 0, 1, 0, 1
3242, 1, 0, 0, 0
3243, 0, 0, 0, 0
3244, 1, 1, 1, 1
3245, 1, 0, 0, 1
3246, 1, 0, 0, 0
3247, 0, 1, 0, 0
3248, 1, 1, 0, 0
3249, 1, 1, 1, 1
3250, 1, 0, 0, 0
3251, 1, 0, 0, 1
3252, 1, 1, 1, 1
3253, 0, 0, 0, 1
3254, 0, 1, 1, 1
3255, 0, 0, 0, 1
3256, 0, 0, 0, 0
3257, 0, 0, 0, 0
3258, 0, 0, 1, 0
3259, 0, 0, 1, 0
3260, 0, 1, 0, 0
3261, 1, 0, 0, 1
3262, 0, 1, 1, 1
3263, 1, 1, 1, 0
3264, 0, 0, 0, 0
3265, 1, 0, 1, 1
3266, 1, 0, 0, 1
3267, 0, 0, 1, 0
3268, 1, 0, 1, 0
3269, 0, 0, 0, 1
3270, 1, 0, 0, 0
3271, 0, 0, 0, 0
3272, 0, 0, 0, 1
3273, 0, 0, 0, 1
3274, 0, 1, 0, 1
3275, 1, 0, 0, 0
3276, 1, 0, 0, 0
3277, 1, 1, 0, 1
3278, 1, 0, 1, 1
3279, 0, 0, 0, 0
3280, 0, 0, 0, 1
3281, 0, 0, 1, 1
3282, 0, 0, 0, 1
3283, 0, 1, 1, 1
3284, 1, 1, 1, 0
3285, 0, 0, 0, 0
3286, 1, 1, 1, 1
3287, 0, 0, 0, 1
3288, 0, 1, 1, 0
3289, 1, 1, 1, 0
3290, 1, 0, 0, 1
3291, 0, 0, 0, 0
3292, 1, 0, 1, 1
3293, 1, 0, 0, 1
3294, 1, 0, 1, 1
3295, 1, 0, 0, 1
3296, 0, 0, 0, 0
3297, 0, 1, 0, 1
3298, 0, 0, 0, 0
3299, 1, 0, 0, 1
3300, 0, 1, 0, 0
3301, 1, 0, 0, 1
3302, 1, 0, 0, 0
3303, 0, 0, 0, 0
3304, 0, 0, 0, 1
3305, 0, 1, 1, 1
3306, 1, 1, 1, 1
3307, 1, 0, 0, 1
3308, 1, 0, 0, 1
3309, 0, 0, 1, 1
3310, 1, 1, 1, 1
3311, 0, 1, 0, 0
3312, 1, 0, 1, 0
3313, 0, 0, 0, 0
3314, 1, 0, 0, 1
3315, 0, 0, 0, 1
3316, 0, 1, 0, 0
3317, 0, 0, 1, 0
3318, 0, 1, 0, 1
3319, 1, 0, 0, 0
3320, 0, 0, 0, 1
3321, 1, 0, 1, 0
3322, 0, 0, 0, 1
3323, 0, 0, 0, 0
3324, 1, 1, 1, 1
3325, 0, 0, 0, 0
3326, 0, 1, 0, 1
3327, 1, 0, 0, 1
3328, 0, 1, 1, 0
3329, 0, 1, 0, 1
3330, 0, 1, 1, 1
3331, 1, 0, 1, 1
3332, 1, 0, 1, 1
3333, 0, 0, 0, 1
3334, 0, 1, 1, 1
3335, 0, 0, 0, 1
3336, 1, 0, 0, 1
3337, 0, 0, 0, 1
3338, 1, 0, 0, 1
3339, 1, 0, 0, 1
3340, 0, 0, 0, 0
3341, 1, 0, 0, 1
3342, 1, 0, 1, 1
3343, 1, 1, 1, 0
3344, 1, 0, 1, 1
3345, 1, 0, 1, 1
3346, 0, 1, 1, 1
3347, 0, 0, 0, 1
3348, 1, 0, 0, 1
3349, 1, 0, 0, 0
3350, 0, 1, 0, 0
3351, 0, 1, 1, 1
3352, 0, 0, 0, 0
3353, 1, 0, 0, 0
3354, 1, 0, 0, 1
3355, 0, 0, 1, 0
3356, 0, 1, 1, 1
3357, 0, 0, 0, 1
3358, 0, 0, 0, 1
3359, 0, 0, 1, 0
3360, 1, 0, 1, 1
3361, 1, 0, 0, 1
3362, 0, 0, 0, 0
3363, 1, 1, 0, 1
3364, 1, 0, 0, 1
3365, 1, 0, 1, 1
3366, 1, 1, 1, 1
3367, 0, 0, 0, 0
3368, 1, 0, 1, 1
3369, 0, 0, 0, 1
3370, 0, 1, 1, 0
3371, 0, 1, 1, 0
3372, 0, 0, 0, 0
3373, 0, 1, 1, 1
3374, 1, 0, 0, 1
3375, 0, 0, 1, 1
3376, 1, 0, 0, 1
3377, 1, 1, 1, 1
3378, 0, 1, 0, 0
3379, 0, 1, 1, 0
3380, 1, 0, 1, 1
3381, 0, 0, 0, 1
3382, 1, 0, 0, 1
3383, 1, 1, 1, 1
3384, 1, 1, 1, 0
3385, 1, 0, 1, 1
3386, 1, 0, 0, 1
3387, 1, 0, 0, 1
3388, 0, 0, 0, 0
3389, 1, 1, 0, 0
3390, 0, 0, 0, 1
3391, 1, 0, 1, 0
3392, 1, 1, 0, 0
3393, 0, 1, 0, 1
3394, 1, 1, 1, 1
3395, 1, 0, 0, 0
3396, 0, 0, 0, 0
3397, 0, 0, 0, 0
3398, 0, 0, 0, 1
3399, 1, 0, 0, 1
3400, 0, 1, 0, 1
3401, 0, 0, 0, 0
3402, 1, 0, 0, 1
3403, 1, 0, 0, 1
3404, 1, 0, 0, 1
3405, 1, 0, 1, 1
3406, 0, 0, 0, 0
3407, 1, 0, 0, 0
3408, 0, 0, 0, 0
3409, 0, 0, 0, 0
3410, 0, 0, 0, 0
3411, 1, 0, 0, 0
3412, 0, 0, 0, 0
3413, 0, 0, 0, 0
3414, 0, 1, 0, 1
3415, 1, 0, 0, 1
3416, 1, 0, 0, 1
3417, 1, 0, 1, 0
3418, 1, 0, 0, 0
3419, 1, 0, 0, 1
3420, 1, 1, 0, 1
3421, 0, 0, 0, 0
3422, 1, 0, 1, 1
3423, 1, 0, 0, 1
3424, 1, 0, 1, 0
3425, 1, 0, 0, 1
3426, 0, 1, 1, 0
3427, 0, 1, 1, 1
3428, 0, 0, 0, 0
3429, 0, 1, 1, 1
3430, 0, 1, 1, 1
3431, 1, 1, 1, 0
3432, 1, 0, 1, 0
3433, 0, 1, 0, 1
3434, 0, 0, 0, 1
3435, 1, 0, 1, 0
3436, 0, 0, 0, 0
3437, 1, 0, 1, 0
3438, 0, 0, 0, 1
3439, 1, 1, 1, 1
3440, 1, 1, 0, 1
3441, 0, 0, 0, 0
3442, 0, 1, 0, 1
3443, 0, 0, 1, 0
3444, 0, 0, 0, 0
3445, 0, 0, 0, 0
3446, 1, 0, 0, 1
3447, 0, 0, 0, 0
3448, 1, 0, 0, 1
3449, 0, 1, 1, 0
3450, 0, 0, 0, 1
3451, 0, 0, 0, 1
3452, 0, 0, 1, 0
3453, 0, 0, 1, 1
3454, 0, 0, 0, 1
3455, 1, 0, 1, 0
3456, 0, 1, 0, 0
3457, 0, 0, 0, 0
3458, 0, 1, 0, 0
3459, 0, 1, 1, 1
3460, 0, 0, 0, 1
3461, 1, 0, 0, 1
3462, 0, 0, 0, 0
3463, 0, 0, 1, 1
3464, 0, 0, 0, 0
3465, 0, 1, 0, 0
3466, 0, 0, 0, 1
3467, 0, 1, 1, 1
3468, 1, 0, 0, 0
3469, 1, 0, 0, 1
3470, 0, 0, 0, 0
3471, 1, 0, 1, 0
3472, 0, 0, 0, 0
3473, 0, 0, 1, 0
3474, 0, 1, 0, 0
3475, 0, 0, 0, 0
3476, 0, 0, 0, 1
3477, 1, 0, 0, 1
3478, 1, 0, 1, 1
3479, 0, 1, 1, 1
3480, 1, 0, 0, 0
3481, 1, 0, 0, 1
3482, 0, 0, 1, 1
3483, 0, 0, 0, 1
3484, 0, 0, 0, 0
3485, 1, 0, 0, 0
3486, 0, 0, 0, 0
3487, 0, 0, 0, 1
3488, 0, 1, 1, 1
3489, 0, 1, 1, 1
3490, 0, 0, 1, 1
3491, 0, 1, 0, 0
3492, 0, 0, 0, 0
3493, 1, 0, 0, 0
3494, 0, 0, 0, 0
3495, 0, 0, 0, 0
3496, 0, 0, 0, 0
3497, 1, 0, 1, 1
3498, 0, 1, 1, 1
3499, 0, 1, 0, 0
3500, 1, 0, 1, 1
3501, 0, 1, 0, 1
3502, 0, 0, 0, 1
3503, 0, 1, 0, 1
3504, 1, 1, 0, 1
3505, 0, 0, 1, 1
3506, 1, 0, 1, 1
3507, 0, 0, 0, 1
3508, 1, 1, 0, 1
3509, 0, 0, 0, 1
3510, 1, 0, 0, 1
3511, 0, 0, 0, 1
3512, 1, 0, 0, 0
3513, 0, 0, 1, 1
3514, 0, 0, 0, 0
3515, 1, 0, 1, 1
3516, 1, 1, 0, 1
3517, 0, 1, 1, 0
3518, 1, 1, 0, 1
3519, 1, 0, 1, 1
3520, 0, 0, 0, 0
3521, 1, 0, 0, 1
3522, 1, 0, 0, 1
3523, 1, 0, 0, 0
3524, 0, 0, 1, 1
3525, 1, 1, 0, 0
3526, 1, 0, 0, 1
3527, 1, 0, 1, 1
3528, 0, 1, 1, 0
3529, 1, 0, 0, 1
3530, 1, 0, 0, 0
3531, 1, 0, 1, 0
3532, 0, 1, 1, 1
3533, 1, 0, 0, 1
3534, 1, 0, 0, 0
3535, 0, 0, 0, 0
3536, 1, 0, 1, 1
3537, 0, 0, 0, 1
3538, 1, 0, 0, 1
3539, 1, 0, 0, 0
3540, 0, 0, 0, 1
3541, 0, 0, 1, 1
3542, 0, 0, 0, 0
3543, 0, 1, 0, 1
3544, 0, 0, 0, 1
3545, 1, 1, 1, 1
3546, 0, 0, 0, 0
3547, 1, 0, 0, 1
3548, 0, 0, 1, 1
3549, 0, 0, 0, 0
3550, 0, 0, 1, 0
3551, 0, 0, 0, 0
3552, 1, 0, 0, 1
3553, 1, 1, 1, 1
3554, 1, 0, 1, 1
3555, 0, 0, 1, 1
3556, 1, 0, 0, 1
3557, 1, 1, 1, 1
3558, 1, 0, 0, 1
3559, 1, 0, 0, 1
3560, 1, 0, 0, 1
3561, 0, 1, 0, 1
3562, 1, 0, 0, 0
3563, 0, 0, 0, 0
3564, 1, 0, 0, 1
3565, 0, 0, 1, 0
3566, 1, 1, 0, 1
3567, 1, 0, 1, 0
3568, 0, 0, 0, 1
3569, 1, 0, 0, 1
3570, 1, 0, 0, 1
3571, 0, 0, 0, 0
3572, 0, 0, 0, 0
3573, 1, 1, 0, 1
3574, 1, 0, 0, 0
3575, 0, 1, 1, 1
3576, 1, 0, 0, 0
3577, 0, 0, 0, 1
3578, 0, 0, 0, 0
3579, 0, 1, 1, 1
3580, 0, 0, 1, 1
3581, 0, 1, 1, 1
3582, 0, 0, 1, 0
3583, 0, 1, 1, 0
3584, 1, 0, 1, 1
3585, 1, 0, 0, 1
3586, 0, 1, 0, 1
3587, 0, 0, 0, 0
3588, 0, 0, 0, 0
3589, 0, 0, 0, 1
3590, 1, 0, 1, 0
3591, 0, 0, 1, 0
3592, 0, 0, 0, 0
3593, 0, 0, 0, 0
3594, 1, 0, 0, 1
3595, 0, 0, 0, 1
3596, 0, 0, 0, 0
3597, 1, 0, 0, 0
3598, 1, 1, 1, 1
3599, 0, 0, 0, 1
3600, 1, 0, 0, 1
3601, 1, 1, 0, 0
3602, 0, 0, 0, 0
3603, 1, 1, 0, 0
3604, 1, 0, 0, 0
3605, 0, 0, 0, 0
3606, 1, 1, 1, 1
3607, 0, 1, 1, 1
3608, 0, 1, 0, 0
3609, 1, 0, 0, 0
3610, 0, 1, 1, 0
3611, 0, 0, 0, 0
3612, 1, 0, 0, 1
3613, 1, 1, 1, 0
3614, 0, 1, 0, 1
3615, 0, 0, 1, 0
3616, 0, 1, 0, 0
3617, 1, 0, 0, 1
3618, 0, 0, 0, 1
3619, 1, 0, 1, 1
3620, 1, 1, 0, 1
3621, 1, 1, 0, 1
3622, 0, 0, 0, 0
3623, 0, 1, 1, 1
3624, 0, 0, 0, 1
3625, 1, 1, 0, 1
3626, 0, 0, 0, 1
3627, 0, 1, 0, 1
3628, 1, 0, 0, 1
3629, 0, 0, 0, 1
3630, 0, 0, 1, 1
3631, 1, 0, 1, 1
3632, 0, 1, 1, 1
3633, 0, 0, 0, 1
3634, 0, 0, 0, 0
3635, 1, 1, 0, 1
3636, 0, 0, 1, 0
3637, 0, 0, 0, 1
3638, 0, 0, 0, 0
3639, 0, 0, 0, 1
3640, 0, 0, 0, 0
3641, 0, 0, 0, 1
3642, 1, 0, 0, 1
3643, 0, 0, 0, 0
3644, 1, 1, 1, 1
3645, 0, 0, 0, 0
3646, 1, 1, 1, 1
3647, 1, 1, 0, 0
3648, 0, 0, 1, 1
3649, 0, 1, 0, 0
3650, 1, 0, 1, 0
3651, 0, 0, 0, 0
3652, 0, 1, 1, 1
3653, 0, 1, 0, 1
3654, 0, 0, 0, 1
3655, 1, 0, 1, 0
3656, 0, 0, 0, 0
3657, 0, 0, 0, 1
3658, 1, 1, 1, 1
3659, 0, 0, 0, 1
3660, 0, 0, 1, 1
3661, 1, 0, 0, 1
3662, 0, 0, 0, 0
3663, 1, 0, 0, 0
3664, 0, 0, 1, 1
3665, 0, 0, 0, 0
3666, 1, 0, 0, 0
3667, 0, 0, 0, 1
3668, 1, 0, 0, 1
3669, 1, 0, 0, 1
3670, 1, 0, 1, 0
3671, 1, 0, 1, 0
3672, 0, 0, 0, 0
3673, 0, 0, 0, 0
3674, 0, 0, 0, 0
3675, 1, 0, 0, 0
3676, 0, 0, 1, 1
3677, 1, 0, 1, 1
3678, 1, 1, 0, 1
3679, 0, 0, 1, 1
3680, 1, 0, 0, 1
3681, 1, 0, 0, 1
3682, 0, 1, 1, 0
3683, 0, 0, 0, 1
3684, 0, 0, 1, 0
3685, 1, 0, 0, 1
3686, 1, 0, 1, 0
3687, 1, 1, 0, 0
3688, 1, 1, 0, 1
3689, 1, 1, 1, 1
3690, 0, 0, 0, 1
3691, 0, 1, 1, 0
3692, 0, 0, 0, 1
3693, 1, 0, 0, 0
3694, 1, 0, 0, 1
3695, 0, 0, 0, 1
3696, 0, 0, 0, 0
3697, 0, 0, 0, 0
3698, 1, 1, 0, 0
3699, 1, 1, 0, 1
3700, 1, 0, 0, 0
3701, 0, 0, 0, 0
3702, 0, 0, 1, 1
3703, 1, 0, 0, 1
3704, 0, 0, 0, 1
3705, 1, 0, 0, 1
3706, 0, 1, 0, 1
3707, 0, 0, 0, 0
3708, 0, 1, 0, 0
3709, 0, 0, 0, 0
3710, 0, 1, 1, 0
3711, 0, 0, 1, 0
3712, 0, 0, 0, 0
3713, 0, 1, 1, 1
3714, 1, 1, 0, 1
3715, 1, 1, 1, 1
3716, 0, 0, 0, 0
3717, 1, 0, 1, 0
3718, 0, 0, 1, 0
3719, 0, 0, 0, 1
3720, 1, 0, 1, 1
3721, 1, 0, 0, 1
3722, 1, 0, 0, 1
3723, 0, 0, 1, 0
3724, 0, 0, 0, 1
3725, 1, 0, 0, 0
3726, 0, 0, 0, 0
3727, 1, 0, 0, 0
3728, 1, 0, 0, 0
3729, 1, 0, 0, 0
3730, 1, 0, 1, 1
3731, 1, 1, 1, 0
3732, 0, 1, 0, 0
3733, 1, 0, 0, 0
3734, 1, 0, 0, 1
3735, 0, 0, 0, 0
3736, 0, 1, 1, 1
3737, 1, 0, 0, 1
3738, 1, 0, 0, 0
3739, 0, 0, 0, 0
3740, 0, 0, 1, 0
3741, 1, 0, 0, 0
3742, 0, 0, 0, 0
3743, 1, 0, 1, 1
3744, 0, 0, 0, 0
3745, 1, 0, 0, 0
3746, 0, 1, 1, 1
3747, 1, 0, 1, 1
3748, 1, 0, 0, 0
3749, 0, 1, 1, 0
3750, 0, 0, 0, 1
