"ID","Mission_Number","Time_of_Initial_Call","Aircraft_ID","Mission_Activation_Time","Date_and_Time_Connected_to_Asset","TaskStatusID","BaseShiftID","TaskTypeID","SectorID"
"88464","LFA8962","15/09/2017 6:03:15 AM","100","15/09/2017 6:03:43 AM","","3","16","22","2"
"88465","LFA8963","15/09/2017 6:35:17 AM","86","15/09/2017 6:35:24 AM","","3","11","21","2"
"88466","LFA8964","15/09/2017 6:48:47 AM","83","15/09/2017 6:48:56 AM","","3","8","21","2"
"88467","LFA8965","15/09/2017 6:54:33 AM","97","15/09/2017 6:54:42 AM","15/09/2017 6:54:41 AM","3","2","21","2"
"88468","LFA8966","15/09/2017 9:56:03 AM","96","15/09/2017 9:56:14 AM","15/09/2017 9:56:14 AM","3","13","21","2"
"88469","LFA8967","15/09/2017 10:21:05 AM","15","15/09/2017 10:21:14 AM","15/09/2017 10:21:13 AM","3","5","21","2"
"88470","LFA8968","15/09/2017 10:38:33 AM","101","15/09/2017 10:38:47 AM","15/09/2017 10:38:47 AM","3","10","21","2"
"88471","LFA8969","15/09/2017 12:05:49 PM","63","15/09/2017 12:06:04 PM","15/09/2017 12:06:04 PM","3","6","21","2"
"88472","LFA8970","15/09/2017 6:01:06 PM","83","15/09/2017 6:01:20 PM","","3","9","23","2"
"88473","LFA8971","15/09/2017 6:15:20 PM","86","15/09/2017 6:15:29 PM","15/09/2017 6:15:28 PM","3","12","21","2"
"88474","LFA8972","15/09/2017 6:34:20 PM","63","15/09/2017 6:34:28 PM","15/09/2017 6:34:27 PM","3","7","21","2"
"88475","LFA8973","15/09/2017 6:52:57 PM","69","15/09/2017 6:53:04 PM","15/09/2017 6:53:03 PM","3","15","21","2"
"88476","LFA8974","15/09/2017 6:55:57 PM","100","15/09/2017 6:56:08 PM","","3","17","21","2"
"88478","LFA8976","15/09/2017 7:10:26 PM","15","15/09/2017 7:10:46 PM","","3","4","21","2"
"88479","LFA8977","16/09/2017 6:09:11 AM","83","16/09/2017 6:09:59 AM","","3","8","21","2"
"88480","LFA8978","16/09/2017 6:46:50 AM","86","16/09/2017 6:46:59 AM","","3","11","21","2"
"88481","LFA8979","16/09/2017 6:58:04 AM","100","16/09/2017 6:58:36 AM","","3","16","21","2"
"88482","LFA8980","16/09/2017 7:15:12 AM","63","16/09/2017 7:16:19 AM","","3","6","21","2"
"88483","LFA8981","16/09/2017 7:18:24 AM","15","16/09/2017 7:18:31 AM","","3","4","21","2"
"88484","LFA8982","16/09/2017 9:24:16 AM","98","16/09/2017 9:24:25 AM","","3","5","21","2"
"88485","LFA8983","16/09/2017 9:41:56 AM","15","16/09/2017 9:42:08 AM","","3","2","21","2"
"88486","LFA8984","16/09/2017 9:55:06 AM","101","16/09/2017 9:55:37 AM","","3","10","21","2"
"88487","LFA8985","16/09/2017 10:16:05 AM","86","16/09/2017 10:16:13 AM","16/09/2017 10:16:12 AM","3","13","21","2"
"88488","LFA8986","16/09/2017 2:37:51 PM","69","16/09/2017 2:38:06 PM","16/09/2017 2:38:05 PM","5","14","21","2"
"88489","LFA8987","16/09/2017 6:45:12 PM","63","16/09/2017 6:45:31 PM","","3","7","21","2"
"88490","LFA8988","16/09/2017 7:01:16 PM","83","16/09/2017 7:01:28 PM","","3","9","21","2"
"88491","LFA8989","16/09/2017 7:14:44 PM","15","16/09/2017 7:14:53 PM","","3","4","21","2"
"88492","LFA8990","16/09/2017 8:42:10 PM","69","16/09/2017 8:42:20 PM","16/09/2017 8:42:19 PM","3","15","21","2"
"88493","LFA8991","16/09/2017 8:46:22 PM","100","16/09/2017 8:46:32 PM","16/09/2017 8:46:31 PM","3","17","21","2"
"88494","LFA8992","17/09/2017 6:27:35 AM","86","17/09/2017 6:27:48 AM","17/09/2017 6:27:46 AM","3","11","21","2"
"88495","LFA8993","17/09/2017 6:42:09 AM","83","17/09/2017 6:42:20 AM","17/09/2017 6:42:19 AM","3","8","21","2"
"88496","LFA8994","17/09/2017 6:54:52 AM","63","17/09/2017 6:56:16 AM","17/09/2017 6:56:15 AM","3","6","21","2"
"88497","LFA8995","17/09/2017 7:07:36 AM","15","17/09/2017 7:07:49 AM","","3","2","21","2"
"88498","LFA8996","17/09/2017 9:44:01 AM","69","17/09/2017 9:44:09 AM","17/09/2017 9:44:08 AM","3","14","21","2"
"88499","LFA8997","17/09/2017 9:48:45 AM","100","17/09/2017 9:49:02 AM","17/09/2017 9:49:01 AM","3","16","21","2"
"88500","LFA8998","17/09/2017 10:15:59 AM","96","17/09/2017 10:16:08 AM","17/09/2017 10:16:07 AM","3","13","21","2"
"88501","LFA8999","17/09/2017 10:20:16 AM","98","17/09/2017 10:20:23 AM","17/09/2017 10:20:22 AM","3","5","21","2"
"88502","LFA9000","17/09/2017 10:24:05 AM","101","17/09/2017 10:24:18 AM","","3","10","21","2"
"88503","LFA9001","17/09/2017 6:16:37 PM","83","17/09/2017 6:16:50 PM","17/09/2017 6:16:48 PM","3","9","21","2"
"88504","LFA9002","17/09/2017 6:43:58 PM","86","17/09/2017 6:44:05 PM","17/09/2017 6:44:04 PM","3","12","21","2"
"88505","LFA9003","17/09/2017 6:48:26 PM","100","17/09/2017 6:48:36 PM","17/09/2017 6:48:35 PM","3","17","21","2"
"88506","LFA9004","17/09/2017 7:06:42 PM","69","17/09/2017 7:06:51 PM","","3","15","21","2"
"88507","LFA9005","17/09/2017 7:11:22 PM","63","17/09/2017 7:11:45 PM","","3","7","21","2"
"88508","LFA9006","18/09/2017 6:43:24 AM","86","18/09/2017 6:43:40 AM","18/09/2017 11:56:17 AM","3","11","21","2"
"88509","LFA9007","18/09/2017 6:45:06 AM","63","18/09/2017 6:45:26 AM","18/09/2017 6:45:25 AM","5","6","21","2"
"88511","LFA9009","18/09/2017 6:54:12 AM","15","18/09/2017 6:54:24 AM","18/09/2017 6:54:22 AM","3","2","21","2"
"88512","LFA9010","18/09/2017 6:55:56 AM","83","18/09/2017 6:56:07 AM","","3","8","21","2"
"88513","LFA9011","18/09/2017 9:13:37 AM","100","18/09/2017 9:13:46 AM","","3","16","21","2"
"88514","LFA9012","18/09/2017 9:18:38 AM","98","18/09/2017 9:18:51 AM","18/09/2017 9:18:49 AM","3","5","21","2"
"88515","LFA9013","18/09/2017 9:24:22 AM","101","18/09/2017 9:24:35 AM","18/09/2017 9:24:34 AM","3","10","21","2"
"88516","LFA9014","18/09/2017 9:31:05 AM","96","18/09/2017 9:31:16 AM","18/09/2017 9:31:15 AM","3","13","21","2"
"88517","LFA9015","18/09/2017 12:43:16 PM","71","18/09/2017 12:43:25 PM","","3","18","21","2"
"88518","LFA9016","18/09/2017 6:19:30 PM","86","18/09/2017 6:19:44 PM","18/09/2017 6:19:42 PM","3","12","21","2"
"88519","LFA9017","18/09/2017 6:48:53 PM","72","18/09/2017 6:49:12 PM","18/09/2017 6:49:09 PM","3","4","21","2"
"88520","LFA9018","18/09/2017 6:55:57 PM","100","18/09/2017 6:56:06 PM","18/09/2017 6:56:05 PM","3","17","21","2"
"88521","LFA9019","18/09/2017 7:12:38 PM","83","18/09/2017 7:12:48 PM","18/09/2017 7:12:47 PM","3","9","21","2"
"88522","LFA9020","18/09/2017 8:02:10 PM","69","18/09/2017 8:02:19 PM","","3","15","21","2"
"88523","LFA9021","19/09/2017 6:24:50 AM","16","19/09/2017 6:25:14 AM","","3","8","21","2"
"88524","LFA9022","19/09/2017 6:28:53 AM","86","19/09/2017 6:29:02 AM","","3","11","","2"
"88525","LFA9023","19/09/2017 7:02:51 AM","72","19/09/2017 7:03:20 AM","","3","2","21","2"
"88526","LFA9024","19/09/2017 8:07:08 AM","15","19/09/2017 8:07:20 AM","","3","6","21","2"
"88527","LFA9025","19/09/2017 9:28:56 AM","96","19/09/2017 9:29:10 AM","","3","13","21","2"
"88528","LFA9026","19/09/2017 10:34:54 AM","100","19/09/2017 10:35:04 AM","","3","16","21","2"
"88529","LFA9027","19/09/2017 10:48:28 AM","98","19/09/2017 10:48:38 AM","","3","5","21","2"
"88530","LFA9028","19/09/2017 11:59:49 AM","69","19/09/2017 12:00:01 PM","19/09/2017 12:00:11 PM","3","14","21","2"
"88531","LFA9029","19/09/2017 1:46:52 PM","83","19/09/2017 1:47:01 PM","19/09/2017 1:47:09 PM","3","10","21","2"
"88533","LFA9031","19/09/2017 6:09:17 PM","16","19/09/2017 6:09:27 PM","","3","9","21","2"
"88534","LFA9032","19/09/2017 6:14:42 PM","69","19/09/2017 6:14:50 PM","","3","15","21","2"
"88535","LFA9033","19/09/2017 6:26:50 PM","15","19/09/2017 6:27:28 PM","19/09/2017 6:27:32 PM","3","7","21","2"
"88536","LFA9034","19/09/2017 7:29:07 PM","71","19/09/2017 7:29:21 PM","19/09/2017 7:29:22 PM","3","19","21","2"
"88537","LFA9035","19/09/2017 7:58:32 PM","100","19/09/2017 7:58:38 PM","19/09/2017 7:58:41 PM","3","17","21","2"
"88538","LFA9036","19/09/2017 8:10:39 PM","86","19/09/2017 8:10:52 PM","19/09/2017 8:10:52 PM","3","12","21","2"
"88539","LFA9037","19/09/2017 9:39:36 PM","98","19/09/2017 9:39:43 PM","19/09/2017 9:39:42 PM","3","4","21","2"
"88540","LFA9038","20/09/2017 6:09:40 AM","100","20/09/2017 6:09:47 AM","20/09/2017 6:09:45 AM","3","16","21","2"
"88541","LFA9039","20/09/2017 6:24:20 AM","98","20/09/2017 6:24:26 AM","20/09/2017 6:24:26 AM","3","2","21","2"
"88542","LFA9040","20/09/2017 6:30:46 AM","15","20/09/2017 6:31:56 AM","","3","6","21","2"
"88543","LFA9041","20/09/2017 6:50:48 AM","16","20/09/2017 6:51:02 AM","","3","8","21","2"
"88544","LFA9042","20/09/2017 6:55:59 AM","86","20/09/2017 6:56:15 AM","","3","11","21","2"
"88546","LFA9044","20/09/2017 9:54:03 AM","69","20/09/2017 9:55:32 AM","20/09/2017 9:55:29 AM","3","14","21","2"
"88547","LFA9045","20/09/2017 10:05:29 AM","72","20/09/2017 10:05:42 AM","20/09/2017 2:09:08 PM","3","5","21","2"
"88548","LFA9046","20/09/2017 10:11:17 AM","86","20/09/2017 10:11:36 AM","","3","13","21","2"
"88549","LFA9047","20/09/2017 12:45:45 PM","68","20/09/2017 12:45:54 PM","20/09/2017 12:46:01 PM","3","10","21","2"
"88550","LFA9048","20/09/2017 5:29:27 PM","98","20/09/2017 5:29:41 PM","","3","4","21","2"
"88551","LFA9049","20/09/2017 6:19:36 PM","16","20/09/2017 6:19:48 PM","20/09/2017 6:19:47 PM","3","9","21","2"
"88552","LFA9050","20/09/2017 6:22:44 PM","63","20/09/2017 6:22:57 PM","20/09/2017 6:22:56 PM","3","7","21","2"
"88553","LFA9051","20/09/2017 6:28:11 PM","100","20/09/2017 6:28:22 PM","20/09/2017 6:28:20 PM","3","17","21","2"
"88554","LFA9052","20/09/2017 6:34:31 PM","86","20/09/2017 6:34:42 PM","20/09/2017 6:34:41 PM","3","12","21","2"
"88555","LFA9053","21/09/2017 6:52:11 AM","63","21/09/2017 6:52:27 AM","","3","6","21","2"
"88556","LFA9054","21/09/2017 7:00:02 AM","98","21/09/2017 7:01:30 AM","","3","2","21","2"
"88557","LFA9055","21/09/2017 7:07:16 AM","16","21/09/2017 7:07:32 AM","","3","8","21","2"
"88558","LFA9056","21/09/2017 7:20:43 AM","86","21/09/2017 7:21:07 AM","","3","11","21","2"
"88559","LFA9057","21/09/2017 9:26:39 AM","69","21/09/2017 9:26:49 AM","21/09/2017 9:26:47 AM","3","14","21","2"
"88560","LFA9058","21/09/2017 9:31:24 AM","96","21/09/2017 9:31:36 AM","21/09/2017 9:31:35 AM","3","13","21","2"
"88561","LFA9059","21/09/2017 9:38:36 AM","68","21/09/2017 9:39:20 AM","","3","10","21","2"
"88562","LFA9060","21/09/2017 9:54:04 AM","72","21/09/2017 9:54:17 AM","21/09/2017 9:54:15 AM","3","5","21","2"
"88563","LFA9061","21/09/2017 10:17:22 AM","100","21/09/2017 10:17:36 AM","","3","16","21","2"
"88565","LFA9063","21/09/2017 6:24:26 PM","83","21/09/2017 6:24:39 PM","21/09/2017 6:24:37 PM","3","9","21","2"
"88566","LFA9064","21/09/2017 6:31:14 PM","69","21/09/2017 6:31:35 PM","","3","15","","2"
"88567","LFA9065","21/09/2017 6:45:43 PM","63","21/09/2017 6:45:54 PM","21/09/2017 6:45:53 PM","3","7","21","2"
"88568","LFA9066","21/09/2017 6:51:57 PM","86","21/09/2017 6:52:03 PM","","3","12","21","2"
"88569","LFA9067","21/09/2017 7:05:26 PM","98","21/09/2017 7:05:32 PM","","3","4","21","2"
"88570","LFA9068","21/09/2017 11:51:34 PM","71","21/09/2017 11:52:16 PM","","3","18","21","2"
"88572","LFA9070","22/09/2017 7:00:13 AM","86","22/09/2017 7:00:21 AM","","3","11","21","2"
"88573","LFA9071","22/09/2017 7:17:48 AM","83","22/09/2017 7:18:09 AM","","3","8","21","2"
"88574","LFA9072","22/09/2017 7:22:09 AM","72","22/09/2017 7:22:26 AM","","3","2","21","2"
"88575","LFA9073","22/09/2017 7:31:50 AM","63","22/09/2017 7:32:04 AM","","3","6","21","2"
"88576","LFA9074","22/09/2017 9:48:36 AM","68","22/09/2017 9:48:49 AM","","3","10","21","2"
"88577","LFA9075","22/09/2017 10:14:38 AM","98","22/09/2017 10:14:46 AM","22/09/2017 10:14:45 AM","3","5","21","2"
"88578","LFA9076","22/09/2017 10:53:25 AM","100","22/09/2017 10:53:36 AM","","3","16","21","2"
"88579","LFA9077","22/09/2017 11:24:41 AM","71","22/09/2017 11:24:53 AM","","3","18","21","2"
"88580","LFA9078","22/09/2017 11:33:00 AM","69","22/09/2017 11:33:09 AM","","3","14","21","2"
"88581","LFA9079","22/09/2017 1:19:58 PM","96","22/09/2017 1:20:38 PM","","3","13","21","2"
"88582","LFA9080","22/09/2017 6:17:33 PM","69","22/09/2017 6:17:44 PM","","3","14","21","2"
"88583","LFA9081","22/09/2017 6:24:25 PM","71","22/09/2017 6:24:34 PM","22/09/2017 6:24:33 PM","3","19","21","2"
"88584","LFA9082","22/09/2017 6:39:53 PM","83","22/09/2017 6:40:22 PM","","3","9","21","2"
"88585","LFA9083","22/09/2017 6:44:42 PM","86","22/09/2017 6:44:49 PM","","3","12","21","2"
"88586","LFA9084","22/09/2017 6:48:45 PM","63","22/09/2017 6:48:50 PM","","3","7","21","2"
"88588","LFA9086","22/09/2017 10:09:41 PM","17","22/09/2017 10:10:00 PM","","3","17","21","2"
"88589","LFA9087","23/09/2017 7:01:01 AM","15","23/09/2017 7:01:40 AM","23/09/2017 7:01:39 AM","3","2","21","2"
"88590","LFA9088","23/09/2017 7:03:29 AM","86","23/09/2017 7:03:47 AM","","3","11","21","2"
"88591","LFA9089","23/09/2017 7:04:58 AM","83","23/09/2017 7:05:07 AM","23/09/2017 7:05:06 AM","3","8","21","2"
"88592","LFA9090","23/09/2017 7:15:48 AM","63","23/09/2017 7:15:57 AM","23/09/2017 7:15:55 AM","3","6","21","2"
"88594","LFA9092","23/09/2017 8:23:21 AM","17","23/09/2017 8:25:34 AM","23/09/2017 8:25:51 AM","3","16","21","2"
"88595","LFA9093","23/09/2017 8:30:13 AM","69","23/09/2017 8:30:21 AM","23/09/2017 8:30:22 AM","3","14","21","2"
"88596","LFA9094","23/09/2017 9:37:19 AM","98","23/09/2017 9:37:29 AM","23/09/2017 9:37:27 AM","3","5","21","2"
"88597","LFA9095","23/09/2017 9:37:34 AM","68","23/09/2017 9:37:49 AM","","3","10","21","2"
"88598","LFA9096","23/09/2017 10:06:46 AM","96","23/09/2017 10:06:48 AM","23/09/2017 10:06:54 AM","3","13","21","2"
"88599","LFA9097","23/09/2017 5:20:09 PM","86","23/09/2017 5:20:20 PM","","3","12","21","2"
"88600","LFA9098","23/09/2017 6:12:55 PM","17","23/09/2017 6:13:07 PM","23/09/2017 6:13:05 PM","3","17","23","2"
"88601","LFA9099","23/09/2017 6:25:30 PM","68","23/09/2017 6:25:54 PM","","3","9","21","2"
"88602","LFA9100","23/09/2017 7:13:23 PM","69","23/09/2017 7:13:33 PM","","3","15","21","2"
"88603","LFA9101","23/09/2017 9:04:16 PM","98","23/09/2017 9:04:25 PM","","3","4","21","2"
"88604","LFA9102","24/09/2017 4:04:42 AM","71","24/09/2017 4:05:03 AM","","3","19","21","2"
"88605","LFA9103","24/09/2017 6:54:28 AM","86","24/09/2017 6:54:39 AM","","3","11","21","2"
"88606","LFA9104","24/09/2017 8:01:49 AM","83","24/09/2017 8:02:04 AM","","3","8","21","2"
"88607","LFA9105","24/09/2017 8:04:27 AM","63","24/09/2017 8:04:39 AM","","3","6","21","2"
"88608","LFA9106","24/09/2017 8:33:54 AM","17","24/09/2017 8:34:16 AM","","3","16","21","2"
"88609","LFA9107","24/09/2017 9:39:08 AM","68","24/09/2017 9:39:54 AM","","3","10","21","2"
"88610","LFA9108","24/09/2017 9:50:14 AM","96","24/09/2017 9:50:26 AM","","3","13","21","2"
"88611","LFA9109","24/09/2017 10:32:00 AM","98","24/09/2017 10:32:08 AM","","3","5","21","2"
"88612","LFA9110","24/09/2017 12:44:49 PM","71","24/09/2017 12:45:04 PM","","3","18","21","2"
"88614","LFA9112","24/09/2017 6:40:38 PM","63","24/09/2017 6:40:48 PM","","3","7","21","2"
"88615","LFA9113","24/09/2017 6:42:42 PM","71","24/09/2017 6:43:10 PM","","3","19","21","2"
"88616","LFA9114","24/09/2017 7:11:50 PM","17","24/09/2017 7:12:05 PM","","3","17","21","2"
"88617","LFA9115","24/09/2017 7:34:20 PM","83","24/09/2017 7:34:45 PM","24/09/2017 7:34:43 PM","3","9","21","2"
"88618","LFA9116","24/09/2017 8:51:35 PM","15","24/09/2017 8:51:42 PM","","3","4","21","2"
"88619","LFA9117","24/09/2017 11:13:00 PM","69","24/09/2017 11:13:17 PM","24/09/2017 11:13:15 PM","3","15","21","2"
"88622","LFA9120","25/09/2017 6:44:10 AM","83","25/09/2017 6:44:22 AM","25/09/2017 6:44:20 AM","3","8","21","2"
"88623","LFA9121","25/09/2017 6:49:11 AM","98","25/09/2017 6:49:22 AM","25/09/2017 6:49:21 AM","3","2","21","2"
"88624","LFA9122","25/09/2017 7:01:02 AM","63","25/09/2017 7:01:10 AM","25/09/2017 7:01:09 AM","3","6","21","2"
"88625","LFA9123","25/09/2017 7:40:29 AM","17","25/09/2017 7:40:41 AM","25/09/2017 7:40:41 AM","3","16","21","2"
"88626","LFA9124","25/09/2017 8:11:55 AM","96","25/09/2017 8:12:03 AM","25/09/2017 8:12:02 AM","3","11","21","2"
"88627","LFA9125","25/09/2017 9:10:50 AM","16","25/09/2017 9:10:57 AM","25/09/2017 9:10:56 AM","3","10","21","2"
"88628","LFA9126","25/09/2017 9:12:56 AM","15","25/09/2017 9:13:28 AM","25/09/2017 9:13:27 AM","3","5","21","2"
"88629","LFA9127","25/09/2017 10:20:38 AM","71","25/09/2017 10:20:45 AM","","3","18","21","2"
"88630","LFA9128","25/09/2017 11:17:56 AM","69","25/09/2017 11:18:06 AM","","3","14","21","2"
"88631","LFA9129","25/09/2017 11:52:11 AM","63","25/09/2017 11:52:17 AM","","3","6","21","2"
"88632","LFA9130","25/09/2017 1:13:13 PM","86","25/09/2017 1:13:32 PM","","3","13","21","2"
"88633","LFA9131","25/09/2017 6:28:27 PM","63","25/09/2017 6:28:36 PM","","3","7","21","2"
"88634","LFA9132","25/09/2017 6:30:57 PM","71","25/09/2017 6:31:08 PM","","3","19","21","2"
"88635","LFA9133","25/09/2017 6:46:46 PM","62","25/09/2017 6:46:54 PM","","3","15","21","2"
"88636","LFA9134","25/09/2017 7:01:41 PM","100","25/09/2017 7:01:52 PM","25/09/2017 7:01:50 PM","3","17","21","2"
"88637","LFA9135","25/09/2017 7:25:31 PM","96","25/09/2017 7:25:47 PM","25/09/2017 7:25:46 PM","3","12","21","2"
"88638","LFA9136","25/09/2017 7:38:30 PM","83","25/09/2017 7:38:38 PM","25/09/2017 7:38:37 PM","3","9","21","2"
"88639","LFA9137","26/09/2017 5:52:26 AM","98","26/09/2017 5:52:36 AM","26/09/2017 5:52:35 AM","3","2","21","2"
"88640","LFA9138","26/09/2017 6:31:51 AM","83","26/09/2017 6:32:02 AM","26/09/2017 6:32:00 AM","3","8","","2"
"88641","LFA9139","26/09/2017 6:45:44 AM","86","26/09/2017 6:46:10 AM","26/09/2017 7:20:25 AM","3","11","21","2"
"88642","LFA9140","26/09/2017 6:50:02 AM","63","26/09/2017 6:50:11 AM","26/09/2017 6:50:10 AM","3","6","21","2"
"88643","LFA9141","26/09/2017 9:33:52 AM","62","26/09/2017 9:34:11 AM","26/09/2017 9:34:08 AM","3","14","23","2"
"88644","LFA9142","26/09/2017 9:41:03 AM","15","26/09/2017 9:41:29 AM","26/09/2017 9:41:32 AM","3","5","21","2"
"88645","LFA9143","26/09/2017 9:47:13 AM","101","26/09/2017 9:53:29 AM","26/09/2017 9:53:28 AM","3","10","21","2"
"88646","LFA9144","26/09/2017 10:27:01 AM","96","26/09/2017 10:27:13 AM","26/09/2017 10:27:26 AM","3","13","21","2"
"88647","LFA9145","26/09/2017 6:18:45 PM","86","26/09/2017 6:19:02 PM","26/09/2017 6:18:55 PM","3","12","21","2"
"88648","LFA9146","26/09/2017 6:24:09 PM","62","26/09/2017 6:24:20 PM","26/09/2017 6:24:18 PM","3","15","21","2"
"88649","LFA9147","26/09/2017 6:37:47 PM","83","26/09/2017 6:38:03 PM","26/09/2017 6:38:02 PM","3","9","21","2"
"88650","LFA9148","26/09/2017 8:59:48 PM","71","26/09/2017 8:59:57 PM","","3","19","21","2"
"88651","LFA9149","26/09/2017 9:01:20 PM","63","26/09/2017 9:01:31 PM","","3","7","21","2"
"88652","LFA9150","26/09/2017 9:24:17 PM","100","26/09/2017 9:24:27 PM","","3","17","21","2"
"88653","LFA9151","27/09/2017 6:49:23 AM","15","27/09/2017 6:49:43 AM","","3","2","21","2"
"88654","LFA9152","27/09/2017 6:53:50 AM","83","27/09/2017 6:54:06 AM","","3","8","21","2"
"88655","LFA9153","27/09/2017 7:08:36 AM","86","27/09/2017 7:08:47 AM","","3","11","21","2"
"88656","LFA9154","27/09/2017 7:12:31 AM","71","27/09/2017 7:12:42 AM","","3","18","24","2"
"88657","LFA9155","27/09/2017 8:09:43 AM","63","27/09/2017 8:09:53 AM","","3","6","21","2"
"88658","LFA9156","27/09/2017 9:28:38 AM","68","27/09/2017 9:28:48 AM","","3","10","21","2"
"88659","LFA9157","27/09/2017 9:33:16 AM","96","27/09/2017 9:33:27 AM","27/09/2017 9:33:30 AM","3","13","","2"
"88660","LFA9158","27/09/2017 9:37:36 AM","98","27/09/2017 9:37:49 AM","","3","5","21","2"
"88661","LFA9159","27/09/2017 4:33:02 PM","62","27/09/2017 4:33:14 PM","","3","14","21","2"
"88662","LFA9160","27/09/2017 5:14:58 PM","62","27/09/2017 5:15:11 PM","","3","15","21","2"
"88663","LFA9161","27/09/2017 6:12:50 PM","16","27/09/2017 6:13:11 PM","27/09/2017 6:13:18 PM","3","9","21","2"
"88664","LFA9162","27/09/2017 6:16:11 PM","63","27/09/2017 6:16:25 PM","27/09/2017 6:16:23 PM","3","7","21","2"
"88665","LFA9163","27/09/2017 6:20:55 PM","86","27/09/2017 6:21:12 PM","27/09/2017 6:21:11 PM","3","12","21","2"
"88666","LFA9164","28/09/2017 6:27:40 AM","72","28/09/2017 6:27:49 AM","28/09/2017 6:27:54 AM","3","2","21","2"
"88669","LFA9167","28/09/2017 7:19:07 AM","83","28/09/2017 7:19:46 AM","28/09/2017 7:19:18 AM","3","8","21","2"
"88670","LFA9168","28/09/2017 7:32:29 AM","63","28/09/2017 7:32:38 AM","28/09/2017 7:32:36 AM","3","6","21","2"
"88671","LFA9169","28/09/2017 7:59:12 AM","100","28/09/2017 7:59:31 AM","28/09/2017 7:59:30 AM","3","16","21","2"
"88672","LFA9170","28/09/2017 9:17:34 AM","15","28/09/2017 9:20:44 AM","28/09/2017 9:20:43 AM","3","5","21","2"
"88673","LFA9171","28/09/2017 9:22:52 AM","68","28/09/2017 9:23:04 AM","28/09/2017 9:23:02 AM","3","10","21","2"
"88674","LFA9172","28/09/2017 12:03:21 PM","62","28/09/2017 12:03:34 PM","28/09/2017 12:03:33 PM","3","14","21","2"
"88675","LFA9173","28/09/2017 12:58:28 PM","100","28/09/2017 12:58:39 PM","28/09/2017 12:58:38 PM","3","16","22","2"
"88676","LFA9174","28/09/2017 1:21:45 PM","96","28/09/2017 1:22:02 PM","28/09/2017 1:22:00 PM","3","13","21","2"
"88677","LFA9175","28/09/2017 1:51:37 PM","72","28/09/2017 1:51:50 PM","28/09/2017 2:28:05 PM","3","2","21","2"
"88678","LFA9176","28/09/2017 4:02:01 PM","100","28/09/2017 4:02:06 PM","28/09/2017 4:02:07 PM","3","16","21","2"
"88679","LFA9177","28/09/2017 4:31:23 PM","15","28/09/2017 4:31:35 PM","28/09/2017 4:31:33 PM","3","5","21","2"
"88680","LFA9178","28/09/2017 6:39:43 PM","63","28/09/2017 6:39:59 PM","","3","7","21","2"
"88681","LFA9179","28/09/2017 6:54:37 PM","16","28/09/2017 6:54:57 PM","","3","9","21","2"
"88682","LFA9180","28/09/2017 7:25:25 PM","62","28/09/2017 7:25:34 PM","","3","15","21","2"
"88683","LFA9181","28/09/2017 7:36:45 PM","71","28/09/2017 7:36:56 PM","","3","19","21","2"
"88684","LFA9182","28/09/2017 11:55:26 PM","100","28/09/2017 11:55:32 PM","","3","17","22","2"
"88685","LFA9183","29/09/2017 1:18:52 AM","15","29/09/2017 1:19:01 AM","","3","4","21","2"
"88687","LFA9185","29/09/2017 7:22:48 AM","96","29/09/2017 7:24:32 AM","","3","13","21","2"
"88688","LFA9186","29/09/2017 7:54:36 AM","63","29/09/2017 7:55:06 AM","","3","6","21","2"
"88690","LFA9188","29/09/2017 8:07:51 AM","98","29/09/2017 8:09:27 AM","","3","2","","2"
"88691","LFA9189","29/09/2017 8:38:17 AM","62","29/09/2017 8:38:43 AM","","3","14","21","2"
"88692","LFA9190","29/09/2017 8:45:47 AM","100","29/09/2017 8:46:09 AM","","3","16","21","2"
"88693","LFA9191","29/09/2017 9:36:53 AM","16","29/09/2017 9:37:03 AM","","3","10","21","2"
"88694","LFA9192","29/09/2017 9:50:50 AM","86","29/09/2017 9:51:30 AM","","5","13","21","2"
"88695","LFA9193","29/09/2017 11:56:39 AM","72","29/09/2017 11:56:59 AM","","3","5","21","2"
"88696","LFA9194","29/09/2017 2:40:26 PM","83","29/09/2017 2:41:10 PM","","3","8","21","2"
"88697","LFA9195","29/09/2017 6:40:27 PM","83","29/09/2017 6:41:23 PM","29/09/2017 8:59:23 PM","3","9","21","2"
"88698","LFA9196","29/09/2017 6:43:28 PM","96","29/09/2017 6:43:33 PM","30/09/2017 12:12:05 AM","3","12","21","2"
"88699","LFA9197","29/09/2017 6:45:06 PM","63","29/09/2017 6:45:13 PM","29/09/2017 11:20:17 PM","3","7","21","2"
"88700","LFA9198","29/09/2017 7:18:54 PM","98","29/09/2017 7:19:01 PM","29/09/2017 7:19:03 PM","3","2","","2"
"88701","LFA9199","29/09/2017 7:29:12 PM","71","29/09/2017 7:29:20 PM","29/09/2017 7:29:24 PM","3","19","21","2"
"88702","LFA9200","30/09/2017 6:34:06 AM","83","30/09/2017 6:34:20 AM","30/09/2017 6:34:18 AM","3","8","21","2"
"88703","LFA9201","30/09/2017 6:39:50 AM","72","30/09/2017 6:40:12 AM","30/09/2017 6:40:11 AM","3","2","21","2"
"88704","LFA9202","30/09/2017 6:46:14 AM","63","30/09/2017 6:46:26 AM","30/09/2017 6:46:24 AM","3","6","21","2"
"88705","LFA9203","30/09/2017 9:21:28 AM","86","30/09/2017 9:21:46 AM","","3","11","21","2"
"88706","LFA9204","30/09/2017 9:51:45 AM","96","30/09/2017 9:51:55 AM","","3","13","21","2"
"88707","LFA9205","30/09/2017 9:55:17 AM","98","30/09/2017 9:55:29 AM","","3","5","21","2"
"88708","LFA9206","30/09/2017 10:55:02 AM","15","30/09/2017 10:55:23 AM","","3","18","21","2"
"88709","LFA9207","30/09/2017 1:12:33 PM","100","30/09/2017 1:14:14 PM","","3","16","21","2"
"88710","LFA9208","30/09/2017 6:36:57 PM","63","30/09/2017 6:37:05 PM","30/09/2017 6:37:04 PM","3","7","21","2"
"88711","LFA9209","30/09/2017 6:42:45 PM","72","30/09/2017 6:43:35 PM","","3","4","21","2"
"88712","LFA9210","30/09/2017 6:48:03 PM","83","30/09/2017 6:48:12 PM","","3","9","23","2"
"88713","LFA9211","30/09/2017 7:32:48 PM","100","30/09/2017 7:33:01 PM","","3","17","21","2"
"88714","LFA9212","1/10/2017 6:42:34 AM","96","1/10/2017 6:42:56 AM","","3","11","21","2"
"88715","LFA9213","1/10/2017 6:44:19 AM","63","1/10/2017 6:44:34 AM","","3","6","21","2"
"88716","LFA9214","1/10/2017 7:00:02 AM","83","1/10/2017 7:00:34 AM","","3","8","21","2"
"88717","LFA9215","1/10/2017 7:14:57 AM","98","1/10/2017 7:15:01 AM","","3","2","21","2"
"88718","LFA9216","1/10/2017 9:29:17 AM","16","1/10/2017 9:33:48 AM","","3","10","21","2"
"88719","LFA9217","1/10/2017 12:33:13 PM","96","1/10/2017 12:33:27 PM","1/10/2017 12:33:25 PM","3","13","21","2"
"88720","LFA9218","1/10/2017 12:37:27 PM","62","1/10/2017 12:37:38 PM","1/10/2017 12:37:36 PM","3","14","21","2"
"88721","LFA9219","1/10/2017 1:06:41 PM","15","1/10/2017 1:06:52 PM","1/10/2017 1:06:51 PM","3","18","23","2"
"88722","LFA9220","1/10/2017 2:56:29 PM","72","1/10/2017 2:56:43 PM","1/10/2017 2:56:41 PM","3","5","21","2"
"88723","LFA9221","1/10/2017 6:23:58 PM","16","1/10/2017 6:24:07 PM","1/10/2017 6:24:06 PM","3","9","21","2"
"88724","LFA9222","1/10/2017 6:47:32 PM","62","1/10/2017 6:47:49 PM","","3","15","23","2"
"88725","LFA9223","1/10/2017 7:08:48 PM","63","1/10/2017 7:08:58 PM","","3","7","21","2"
"88726","LFA9224","1/10/2017 7:11:29 PM","86","1/10/2017 7:11:44 PM","","3","12","","2"
"88727","LFA9225","1/10/2017 7:36:28 PM","98","1/10/2017 7:37:09 PM","","3","4","","2"
"88728","LFA9226","1/10/2017 10:42:41 PM","100","1/10/2017 10:42:49 PM","","3","17","21","2"
"88729","LFA9227","2/10/2017 6:34:57 AM","63","2/10/2017 6:35:06 AM","2/10/2017 6:35:05 AM","3","6","21","2"
"88730","LFA9228","2/10/2017 9:14:21 AM","98","2/10/2017 9:15:17 AM","","5","2","21","2"
"88731","LFA9229","2/10/2017 9:49:36 AM","15","2/10/2017 9:50:27 AM","2/10/2017 9:50:25 AM","3","18","21","2"
"88732","LFA9230","2/10/2017 10:04:04 AM","83","2/10/2017 10:04:15 AM","","3","8","21","2"
"88733","LFA9231","2/10/2017 11:47:59 AM","96","2/10/2017 12:00:47 PM","","3","11","21","2"
"88734","LFA9232","2/10/2017 12:09:24 PM","69","2/10/2017 12:09:37 PM","","3","14","21","2"
"88735","LFA9233","2/10/2017 2:23:09 PM","83","2/10/2017 2:23:20 PM","","3","10","21","2"
"88736","LFA9234","2/10/2017 6:58:08 PM","98","2/10/2017 6:58:20 PM","","3","4","21","2"
"88737","LFA9235","2/10/2017 7:02:04 PM","96","2/10/2017 7:02:16 PM","2/10/2017 7:02:20 PM","3","12","21","2"
"88738","LFA9236","2/10/2017 7:42:37 PM","69","2/10/2017 7:42:52 PM","2/10/2017 7:42:51 PM","3","15","21","2"
"88739","LFA9237","3/10/2017 6:49:39 AM","83","3/10/2017 6:49:49 AM","3/10/2017 6:49:48 AM","3","8","21","2"
"88741","LFA9239","3/10/2017 7:08:52 AM","98","3/10/2017 7:09:43 AM","3/10/2017 7:09:44 AM","3","2","21","2"
"88742","LFA9240","3/10/2017 7:10:08 AM","96","3/10/2017 7:10:23 AM","3/10/2017 7:10:21 AM","3","11","21","2"
"88745","LFA9243","3/10/2017 9:27:39 AM","63","3/10/2017 9:27:46 AM","","3","6","21","2"
"88746","LFA9244","3/10/2017 9:54:23 AM","16","3/10/2017 9:54:31 AM","","3","10","21","2"
"88748","LFA9246","3/10/2017 10:48:53 AM","86","3/10/2017 10:49:04 AM","","3","13","21","2"
"88749","LFA9247","3/10/2017 2:39:47 PM","100","3/10/2017 2:39:49 PM","3/10/2017 2:39:52 PM","3","16","21","2"
"88750","LFA9248","3/10/2017 6:51:09 PM","83","3/10/2017 6:51:22 PM","","3","9","21","2"
"88751","LFA9249","3/10/2017 6:56:35 PM","15","3/10/2017 7:06:43 PM","","3","19","21","2"
"88752","LFA9250","3/10/2017 7:19:43 PM","69","3/10/2017 7:20:12 PM","","3","15","21","2"
"88753","LFA9251","3/10/2017 7:23:54 PM","96","3/10/2017 7:24:06 PM","","3","12","21","2"
"88754","LFA9252","3/10/2017 7:28:00 PM","98","3/10/2017 7:28:06 PM","","5","4","21","2"
"88755","LFA9253","3/10/2017 7:44:26 PM","63","3/10/2017 7:44:36 PM","3/10/2017 7:44:35 PM","3","7","21","2"
"88756","LFA9254","4/10/2017 6:29:05 AM","63","4/10/2017 6:29:30 AM","","3","6","","2"
"88757","LFA9255","4/10/2017 6:32:14 AM","83","4/10/2017 6:32:53 AM","","3","8","","2"
"88758","LFA9256","4/10/2017 6:34:34 AM","101","4/10/2017 6:34:45 AM","","3","2","21","2"
"88759","LFA9257","4/10/2017 6:38:15 AM","96","4/10/2017 6:38:40 AM","","5","11","21","2"
"88760","LFA9258","4/10/2017 8:39:42 AM","86","4/10/2017 8:40:09 AM","4/10/2017 8:40:08 AM","3","11","21","2"
"88761","LFA9259","4/10/2017 9:13:49 AM","98","4/10/2017 9:16:45 AM","4/10/2017 9:16:44 AM","3","5","21","2"
"88762","LFA9260","4/10/2017 9:22:33 AM","68","4/10/2017 9:22:53 AM","4/10/2017 9:22:59 AM","3","10","21","2"
"88763","LFA9261","4/10/2017 11:24:49 AM","100","4/10/2017 12:49:43 PM","4/10/2017 12:49:45 PM","3","16","22","2"
"88764","LFA9262","4/10/2017 12:29:43 PM","15","4/10/2017 12:30:11 PM","4/10/2017 12:30:15 PM","3","18","21","2"
"88766","LFA9264","4/10/2017 2:20:49 PM","69","4/10/2017 2:21:05 PM","4/10/2017 2:21:04 PM","3","14","21","2"
"88767","LFA9265","4/10/2017 4:57:31 PM","17","4/10/2017 4:57:41 PM","4/10/2017 4:57:43 PM","3","17","23","2"
"88768","LFA9266","4/10/2017 6:48:57 PM","83","4/10/2017 6:49:10 PM","4/10/2017 6:49:12 PM","3","9","21","2"
"88769","LFA9267","4/10/2017 6:53:41 PM","86","4/10/2017 6:53:58 PM","4/10/2017 6:54:01 PM","3","12","21","2"
"88770","LFA9268","4/10/2017 7:14:09 PM","101","4/10/2017 7:14:17 PM","","3","4","21","2"
"88771","LFA9269","4/10/2017 7:19:52 PM","63","4/10/2017 7:20:08 PM","","3","7","21","2"
"88773","LFA9271","4/10/2017 8:56:44 PM","69","4/10/2017 8:57:20 PM","","3","15","21","2"
"88774","LFA9272","4/10/2017 10:35:52 PM","100","4/10/2017 10:35:59 PM","","3","17","21","2"
"88775","LFA9273","4/10/2017 11:00:38 PM","17","4/10/2017 11:00:58 PM","","3","17","21","2"
"88776","LFA9274","5/10/2017 6:41:01 AM","86","5/10/2017 6:41:17 AM","","3","11","21","2"
"88777","LFA9275","5/10/2017 6:46:00 AM","63","5/10/2017 6:46:32 AM","","3","6","21","2"
"88779","LFA9277","5/10/2017 7:46:09 AM","101","5/10/2017 7:46:51 AM","","3","2","21","2"
"88780","LFA9278","5/10/2017 8:25:48 AM","68","5/10/2017 8:25:56 AM","5/10/2017 8:25:59 AM","3","8","21","2"
"88781","LFA9279","5/10/2017 9:21:07 AM","69","5/10/2017 9:21:19 AM","","3","14","21","2"
"88782","LFA9280","5/10/2017 9:55:29 AM","100","5/10/2017 9:55:39 AM","","3","16","21","2"
"88783","LFA9281","5/10/2017 11:09:26 AM","83","5/10/2017 11:09:40 AM","","3","10","21","2"
"88784","LFA9282","5/10/2017 11:45:14 AM","62","5/10/2017 11:45:28 AM","","3","13","21","2"
"88785","LFA9283","5/10/2017 2:01:14 PM","101","5/10/2017 2:01:34 PM","5/10/2017 2:01:37 PM","3","5","21","2"
"88786","LFA9284","5/10/2017 5:45:33 PM","100","5/10/2017 5:45:46 PM","5/10/2017 5:45:49 PM","3","17","21","2"
"88787","LFA9285","5/10/2017 6:18:34 PM","69","5/10/2017 6:18:46 PM","","3","15","21","2"
"88788","LFA9286","5/10/2017 6:36:00 PM","86","5/10/2017 6:37:02 PM","5/10/2017 6:37:09 PM","3","12","21","2"
"88789","LFA9287","5/10/2017 6:42:05 PM","15","5/10/2017 6:42:45 PM","","3","19","21","2"
"88790","LFA9288","5/10/2017 6:43:26 PM","83","5/10/2017 6:43:33 PM","5/10/2017 6:43:38 PM","3","9","21","2"
"88791","LFA9289","5/10/2017 6:49:28 PM","98","5/10/2017 6:49:53 PM","5/10/2017 9:09:42 PM","3","4","21","2"
"88792","LFA9290","6/10/2017 6:37:21 AM","69","6/10/2017 6:37:41 AM","6/10/2017 12:19:35 PM","3","14","21","2"
"88793","LFA9291","6/10/2017 6:45:34 AM","63","6/10/2017 6:46:14 AM","6/10/2017 11:11:51 AM","3","6","21","2"
"88794","LFA9292","6/10/2017 7:05:21 AM","16","6/10/2017 7:08:51 AM","","3","2","21","2"
"88795","LFA9293","6/10/2017 7:19:19 AM","83","6/10/2017 7:19:33 AM","","3","8","21","2"
"88796","LFA9294","6/10/2017 7:20:13 AM","86","6/10/2017 7:20:41 AM","","3","11","21","2"
"88797","LFA9295","6/10/2017 9:35:58 AM","68","6/10/2017 9:36:12 AM","","3","10","21","2"
"88798","LFA9296","6/10/2017 10:05:07 AM","100","6/10/2017 10:05:29 AM","","3","16","21","2"
"88799","LFA9297","6/10/2017 11:40:15 AM","86","6/10/2017 11:40:27 AM","","3","13","21","2"
"88800","LFA9298","6/10/2017 12:20:59 PM","15","6/10/2017 12:21:06 PM","6/10/2017 12:21:09 PM","3","18","21","2"
"88801","LFA9299","6/10/2017 2:14:05 PM","16","6/10/2017 2:14:13 PM","6/10/2017 2:14:17 PM","3","5","21","2"
"88802","LFA9300","6/10/2017 6:09:03 PM","83","6/10/2017 6:09:14 PM","6/10/2017 8:26:58 PM","3","9","21","2"
"88803","LFA9301","6/10/2017 6:14:21 PM","63","6/10/2017 6:14:42 PM","6/10/2017 7:45:55 PM","3","7","21","2"
"88804","LFA9302","6/10/2017 6:20:04 PM","16","6/10/2017 6:20:07 PM","6/10/2017 6:20:19 PM","3","4","21","2"
"88805","LFA9303","6/10/2017 6:58:07 PM","62","6/10/2017 6:58:25 PM","6/10/2017 6:58:48 PM","3","12","21","2"
"88806","LFA9304","6/10/2017 7:23:33 PM","69","6/10/2017 7:23:36 PM","6/10/2017 7:23:37 PM","3","15","21","2"
"88807","LFA9305","6/10/2017 9:46:51 PM","100","6/10/2017 9:47:03 PM","6/10/2017 9:47:02 PM","3","17","21","2"
"88808","LFA9306","7/10/2017 7:05:15 AM","83","7/10/2017 7:05:39 AM","7/10/2017 7:05:37 AM","3","8","21","2"
"88809","LFA9307","7/10/2017 7:21:13 AM","16","7/10/2017 7:21:27 AM","7/10/2017 7:21:25 AM","3","2","21","2"
"88810","LFA9308","7/10/2017 7:25:50 AM","86","7/10/2017 7:26:00 AM","","3","11","21","2"
"88811","LFA9309","7/10/2017 7:34:58 AM","63","7/10/2017 7:35:43 AM","","3","6","21","2"
"88812","LFA9310","7/10/2017 9:22:59 AM","100","7/10/2017 9:23:11 AM","7/10/2017 9:23:43 AM","3","16","21","2"
"88813","LFA9311","7/10/2017 9:33:53 AM","72","7/10/2017 9:34:04 AM","7/10/2017 9:34:01 AM","3","5","21","2"
"88814","LFA9312","7/10/2017 9:45:57 AM","96","7/10/2017 9:46:37 AM","7/10/2017 9:46:36 AM","3","13","21","2"
"88815","LFA9313","7/10/2017 10:55:03 AM","68","7/10/2017 10:55:19 AM","7/10/2017 10:55:17 AM","3","10","21","2"
"88816","LFA9314","7/10/2017 12:15:31 PM","69","7/10/2017 12:15:43 PM","7/10/2017 12:15:42 PM","3","14","21","2"
"88817","LFA9315","7/10/2017 6:32:44 PM","83","7/10/2017 6:33:03 PM","8/10/2017 1:14:06 AM","3","9","21","2"
"88818","LFA9316","7/10/2017 6:35:43 PM","86","7/10/2017 6:35:52 PM","","3","12","21","2"
"88819","LFA9317","7/10/2017 6:44:58 PM","63","7/10/2017 6:45:07 PM","","3","7","21","2"
"88820","LFA9318","7/10/2017 7:33:17 PM","15","7/10/2017 7:33:29 PM","7/10/2017 7:33:28 PM","3","19","21","2"
"88821","LFA9319","7/10/2017 8:58:29 PM","69","7/10/2017 8:58:41 PM","7/10/2017 8:58:39 PM","3","15","21","2"
"88822","LFA9320","7/10/2017 11:41:28 PM","16","7/10/2017 11:41:40 PM","7/10/2017 11:41:39 PM","3","4","21","2"
"88823","LFA9321","8/10/2017 6:50:45 AM","63","8/10/2017 6:50:58 AM","8/10/2017 6:50:56 AM","3","6","21","2"
"88824","LFA9322","8/10/2017 7:34:47 AM","83","8/10/2017 7:34:57 AM","","3","8","21","2"
"88825","LFA9323","8/10/2017 7:41:23 AM","69","8/10/2017 7:42:46 AM","8/10/2017 7:42:45 AM","3","14","21","2"
"88826","LFA9324","8/10/2017 9:54:14 AM","15","8/10/2017 9:54:25 AM","8/10/2017 9:54:24 AM","3","18","21","2"
"88827","LFA9325","8/10/2017 10:59:22 AM","86","8/10/2017 10:59:34 AM","8/10/2017 10:59:33 AM","3","11","21","2"
"88828","LFA9326","8/10/2017 12:11:00 PM","68","8/10/2017 12:11:11 PM","8/10/2017 12:11:09 PM","3","10","21","2"
"88829","LFA9327","8/10/2017 12:23:36 PM","16","8/10/2017 12:24:02 PM","8/10/2017 12:24:00 PM","3","2","21","2"
"88830","LFA9328","8/10/2017 3:24:26 PM","100","8/10/2017 3:24:48 PM","8/10/2017 3:24:47 PM","3","16","21","2"
"88831","LFA9329","8/10/2017 6:43:02 PM","63","8/10/2017 6:43:12 PM","8/10/2017 6:43:10 PM","3","7","21","2"
"88832","LFA9330","8/10/2017 6:47:27 PM","72","8/10/2017 6:47:46 PM","8/10/2017 6:47:45 PM","3","4","21","2"
"88833","LFA9331","8/10/2017 7:06:02 PM","83","8/10/2017 7:06:17 PM","8/10/2017 7:06:16 PM","3","9","21","2"
"88834","LFA9332","8/10/2017 10:35:26 PM","86","8/10/2017 10:35:39 PM","8/10/2017 10:35:48 PM","3","12","21","2"
"88835","LFA9333","9/10/2017 6:38:20 AM","86","9/10/2017 6:39:57 AM","","3","11","21","2"
"88837","LFA9335","9/10/2017 7:00:58 AM","83","9/10/2017 7:01:04 AM","9/10/2017 7:01:01 AM","3","8","21","2"
"88838","LFA9336","9/10/2017 7:04:24 AM","72","9/10/2017 7:04:29 AM","9/10/2017 7:04:27 AM","3","2","","2"
"88839","LFA9337","9/10/2017 8:58:50 AM","62","9/10/2017 8:58:58 AM","9/10/2017 8:58:59 AM","3","14","21","2"
"88840","LFA9338","9/10/2017 9:12:52 AM","16","9/10/2017 9:13:37 AM","9/10/2017 2:27:27 PM","3","5","21","2"
"88841","LFA9339","9/10/2017 9:21:56 AM","68","9/10/2017 9:22:22 AM","9/10/2017 9:22:20 AM","3","10","21","2"
"88842","LFA9340","9/10/2017 12:00:58 PM","96","9/10/2017 12:01:19 PM","","3","13","21","2"
"88843","LFA9341","9/10/2017 6:17:40 PM","86","9/10/2017 6:17:58 PM","9/10/2017 6:18:01 PM","3","12","21","2"
"88844","LFA9342","9/10/2017 6:47:57 PM","15","9/10/2017 6:48:10 PM","9/10/2017 6:48:09 PM","3","19","21","2"
"88845","LFA9343","9/10/2017 6:47:42 PM","63","9/10/2017 6:47:55 PM","9/10/2017 6:47:57 PM","3","7","21","2"
"88846","LFA9344","9/10/2017 6:55:46 PM","72","9/10/2017 6:55:53 PM","9/10/2017 6:55:52 PM","3","4","21","2"
"88847","LFA9345","9/10/2017 7:13:08 PM","83","9/10/2017 7:13:26 PM","9/10/2017 7:13:25 PM","3","9","21","2"
"88848","LFA9346","9/10/2017 7:34:10 PM","100","9/10/2017 7:34:28 PM","","3","17","21","2"
"88849","LFA9347","10/10/2017 5:42:24 AM","83","10/10/2017 5:43:08 AM","","3","8","21","2"
"88850","LFA9348","10/10/2017 6:33:12 AM","71","10/10/2017 6:33:17 AM","","3","2","21","2"
"88851","LFA9349","10/10/2017 7:07:12 AM","86","10/10/2017 7:07:18 AM","","3","11","21","2"
"88852","LFA9350","10/10/2017 7:53:35 AM","63","10/10/2017 7:53:56 AM","10/10/2017 7:53:54 AM","3","6","21","2"
"88853","LFA9351","10/10/2017 9:20:06 AM","72","10/10/2017 9:20:32 AM","10/10/2017 9:20:08 AM","3","5","21","2"
"88854","LFA9352","10/10/2017 9:55:16 AM","96","10/10/2017 9:55:29 AM","10/10/2017 9:55:28 AM","3","13","21","2"
"88855","LFA9353","10/10/2017 11:11:01 AM","69","10/10/2017 11:11:18 AM","10/10/2017 11:11:22 AM","3","14","21","2"
"88857","LFA9355","10/10/2017 11:24:07 AM","68","10/10/2017 11:24:17 AM","10/10/2017 11:24:09 AM","3","10","21","2"
"88858","LFA9356","10/10/2017 6:13:47 PM","100","10/10/2017 6:14:00 PM","10/10/2017 6:13:49 PM","3","17","21","2"
"88859","LFA9357","10/10/2017 6:34:39 PM","83","10/10/2017 6:34:57 PM","10/10/2017 6:35:01 PM","3","9","21","2"
"88860","LFA9358","10/10/2017 6:40:21 PM","63","10/10/2017 6:40:37 PM","10/10/2017 6:40:38 PM","3","7","21","2"
"88861","LFA9359","10/10/2017 6:52:08 PM","15","10/10/2017 6:52:23 PM","10/10/2017 6:52:31 PM","3","19","21","2"
"88862","LFA9360","10/10/2017 6:52:45 PM","69","10/10/2017 6:52:57 PM","10/10/2017 6:52:56 PM","3","15","21","2"
"88863","LFA9361","10/10/2017 7:01:34 PM","86","10/10/2017 7:01:45 PM","10/10/2017 7:01:48 PM","3","12","21","2"
"88864","LFA9362","11/10/2017 6:18:55 AM","68","11/10/2017 6:19:08 AM","11/10/2017 6:19:07 AM","3","8","21","2"
"88865","LFA9363","11/10/2017 6:23:03 AM","96","11/10/2017 6:23:12 AM","11/10/2017 6:23:11 AM","3","11","21","2"
"88866","LFA9364","11/10/2017 6:41:56 AM","62","11/10/2017 6:42:05 AM","11/10/2017 6:42:04 AM","3","2","21","2"
"88868","LFA9366","11/10/2017 7:26:04 AM","69","11/10/2017 7:26:32 AM","11/10/2017 7:26:31 AM","3","14","21","2"
"88869","LFA9367","11/10/2017 8:35:45 AM","68","11/10/2017 8:35:52 AM","11/10/2017 8:42:39 AM","3","6","21","2"
"88871","LFA9369","11/10/2017 12:18:07 PM","62","11/10/2017 12:18:15 PM","11/10/2017 12:18:33 PM","3","5","21","2"
"88872","LFA9370","11/10/2017 12:26:14 PM","100","11/10/2017 12:26:21 PM","11/10/2017 12:26:25 PM","3","16","21","2"
"88873","LFA9371","11/10/2017 12:30:03 PM","83","11/10/2017 12:30:23 PM","11/10/2017 12:30:21 PM","3","10","21","2"
"88874","LFA9372","11/10/2017 3:03:44 PM","86","11/10/2017 3:04:15 PM","11/10/2017 3:04:14 PM","3","13","21","2"
"88876","LFA9374","11/10/2017 6:33:16 PM","72","11/10/2017 6:33:24 PM","11/10/2017 6:33:23 PM","3","4","21","2"
"88877","LFA9375","11/10/2017 6:41:28 PM","68","11/10/2017 6:41:51 PM","11/10/2017 6:41:49 PM","3","7","21","2"
"88878","LFA9376","11/10/2017 6:45:34 PM","83","11/10/2017 6:46:12 PM","11/10/2017 6:46:11 PM","3","9","21","2"
"88879","LFA9377","11/10/2017 6:59:27 PM","15","11/10/2017 6:59:39 PM","11/10/2017 7:02:54 PM","3","19","21","2"
"88880","LFA9378","11/10/2017 9:33:49 PM","69","11/10/2017 9:34:00 PM","11/10/2017 9:33:58 PM","3","15","21","2"
"88881","LFA9379","11/10/2017 11:33:07 PM","100","11/10/2017 11:33:18 PM","11/10/2017 11:33:17 PM","3","17","21","2"
"88882","LFA9380","12/10/2017 6:42:09 AM","100","12/10/2017 6:42:34 AM","12/10/2017 6:42:33 AM","3","16","21","2"
"88883","LFA9381","12/10/2017 6:44:55 AM","96","12/10/2017 6:45:04 AM","12/10/2017 6:45:03 AM","3","11","21","2"
"88884","LFA9382","12/10/2017 6:48:03 AM","83","12/10/2017 6:48:21 AM","12/10/2017 6:48:19 AM","3","8","21","2"
"88885","LFA9383","12/10/2017 7:03:07 AM","68","12/10/2017 7:03:25 AM","12/10/2017 7:03:23 AM","3","6","21","2"
"88886","LFA9384","12/10/2017 9:20:54 AM","63","12/10/2017 9:21:06 AM","12/10/2017 9:21:05 AM","3","10","21","2"
"88887","LFA9385","12/10/2017 9:42:55 AM","15","12/10/2017 9:43:16 AM","12/10/2017 9:44:01 AM","3","5","21","2"
"88888","LFA9386","12/10/2017 10:50:17 AM","86","12/10/2017 10:50:34 AM","12/10/2017 10:50:40 AM","3","13","21","2"
"88889","LFA9387","12/10/2017 12:35:32 PM","98","12/10/2017 12:35:42 PM","12/10/2017 12:35:41 PM","5","2","21","2"
"88890","LFA9388","12/10/2017 6:35:40 PM","72","12/10/2017 6:36:24 PM","12/10/2017 6:36:23 PM","3","4","21","2"
"88891","LFA9389","12/10/2017 6:50:22 PM","68","12/10/2017 6:50:46 PM","12/10/2017 6:50:44 PM","3","7","21","2"
"88892","LFA9390","12/10/2017 7:05:32 PM","83","12/10/2017 7:05:52 PM","12/10/2017 7:05:50 PM","3","9","21","2"
"88893","LFA9391","12/10/2017 7:06:31 PM","96","12/10/2017 7:06:48 PM","12/10/2017 7:06:47 PM","3","12","21","2"
"88894","LFA9392","12/10/2017 7:50:04 PM","62","12/10/2017 7:50:21 PM","12/10/2017 7:50:25 PM","3","19","21","2"
"88895","LFA9393","12/10/2017 9:21:12 PM","69","12/10/2017 9:21:31 PM","12/10/2017 9:21:28 PM","3","15","21","2"
"88896","LFA9394","13/10/2017 1:40:09 AM","100","13/10/2017 1:40:17 AM","13/10/2017 1:40:19 AM","3","17","21","2"
"88897","LFA9395","13/10/2017 6:36:24 AM","83","13/10/2017 6:36:32 AM","13/10/2017 6:36:35 AM","3","8","21","2"
"88898","LFA9396","13/10/2017 7:11:02 AM","15","13/10/2017 7:11:50 AM","13/10/2017 7:11:48 AM","3","2","21","2"
"88899","LFA9397","13/10/2017 8:44:43 AM","100","13/10/2017 8:44:58 AM","","3","16","21","2"
"88900","LFA9398","13/10/2017 9:35:38 AM","63","13/10/2017 9:36:12 AM","13/10/2017 9:36:11 AM","3","10","21","2"
"88901","LFA9399","13/10/2017 9:48:04 AM","98","13/10/2017 9:48:14 AM","13/10/2017 9:48:13 AM","3","5","21","2"
"88902","LFA9400","13/10/2017 9:54:42 AM","96","13/10/2017 9:54:54 AM","13/10/2017 9:54:53 AM","3","11","21","2"
"88903","LFA9401","13/10/2017 10:13:07 AM","69","13/10/2017 10:13:18 AM","","3","14","21","2"
"88905","LFA9403","13/10/2017 6:31:24 PM","96","13/10/2017 6:31:37 PM","13/10/2017 6:31:36 PM","3","12","21","2"
"88906","LFA9404","13/10/2017 6:45:04 PM","100","13/10/2017 6:45:13 PM","13/10/2017 6:45:12 PM","3","17","21","2"
"88907","LFA9405","13/10/2017 6:49:41 PM","98","13/10/2017 6:49:55 PM","13/10/2017 6:49:54 PM","5","4","21","2"
"88908","LFA9406","13/10/2017 8:20:56 PM","68","13/10/2017 8:21:06 PM","13/10/2017 8:21:04 PM","3","7","21","2"
"88909","LFA9407","13/10/2017 9:15:51 PM","98","13/10/2017 9:16:03 PM","13/10/2017 9:16:09 PM","3","4","21","2"
"88910","LFA9408","14/10/2017 2:00:55 AM","69","14/10/2017 2:01:08 AM","14/10/2017 2:01:06 AM","3","15","21","2"
"88911","LFA9409","14/10/2017 6:57:25 AM","96","14/10/2017 6:57:40 AM","14/10/2017 6:57:38 AM","3","11","21","2"
"88912","LFA9410","14/10/2017 7:25:02 AM","72","14/10/2017 7:25:11 AM","","3","2","21","2"
"88913","LFA9411","14/10/2017 7:38:55 AM","68","14/10/2017 7:39:09 AM","14/10/2017 7:39:05 AM","3","6","21","2"
"88914","LFA9412","14/10/2017 7:59:36 AM","83","14/10/2017 7:59:47 AM","","3","8","21","2"
"88915","LFA9413","14/10/2017 9:20:30 AM","63","14/10/2017 9:20:43 AM","","3","10","21","2"
"88916","LFA9414","14/10/2017 9:21:07 AM","98","14/10/2017 9:21:17 AM","","3","5","21","2"
"88917","LFA9415","14/10/2017 10:40:17 AM","100","14/10/2017 10:40:32 AM","","3","16","21","2"
"88918","LFA9416","14/10/2017 2:55:26 PM","71","14/10/2017 2:55:44 PM","14/10/2017 2:55:52 PM","3","13","21","2"
"88919","LFA9417","14/10/2017 4:19:25 PM","69","14/10/2017 4:19:35 PM","","3","14","21","2"
"88920","LFA9418","14/10/2017 5:09:52 PM","96","14/10/2017 5:10:11 PM","14/10/2017 5:10:10 PM","3","12","21","2"
"88921","LFA9419","14/10/2017 6:17:13 PM","100","14/10/2017 6:17:28 PM","14/10/2017 6:48:47 PM","3","17","21","2"
"88922","LFA9420","14/10/2017 6:53:35 PM","83","14/10/2017 6:53:39 PM","14/10/2017 6:53:40 PM","3","9","","2"
"88923","LFA9421","14/10/2017 7:35:51 PM","69","14/10/2017 7:36:09 PM","14/10/2017 7:36:02 PM","3","15","21","2"
"88924","LFA9422","14/10/2017 8:10:56 PM","68","14/10/2017 8:11:11 PM","14/10/2017 8:11:15 PM","3","7","21","2"
"88925","LFA9423","15/10/2017 7:34:07 AM","68","15/10/2017 7:34:27 AM","15/10/2017 7:34:25 AM","3","6","21","2"
"88926","LFA9424","15/10/2017 7:39:46 AM","62","15/10/2017 7:39:58 AM","15/10/2017 7:39:57 AM","3","18","21","2"
"88927","LFA9425","15/10/2017 8:26:56 AM","98","15/10/2017 8:27:05 AM","15/10/2017 8:27:04 AM","3","2","21","2"
"88928","LFA9426","15/10/2017 8:39:16 AM","83","15/10/2017 8:39:31 AM","15/10/2017 8:39:35 AM","3","8","21","2"
"88929","LFA9427","15/10/2017 9:03:05 AM","69","15/10/2017 9:03:16 AM","15/10/2017 9:03:18 AM","3","14","21","2"
"88930","LFA9428","15/10/2017 9:44:51 AM","71","15/10/2017 9:45:00 AM","15/10/2017 9:45:01 AM","3","11","21","2"
"88931","LFA9429","15/10/2017 10:45:31 AM","72","15/10/2017 10:46:03 AM","15/10/2017 10:46:02 AM","3","5","21","2"
"88933","LFA9431","15/10/2017 3:14:59 PM","96","15/10/2017 3:15:30 PM","15/10/2017 3:15:29 PM","3","13","21","2"
"88934","LFA9432","15/10/2017 6:43:11 PM","83","15/10/2017 6:43:18 PM","15/10/2017 6:43:19 PM","3","9","21","2"
"88935","LFA9433","15/10/2017 8:12:59 PM","62","15/10/2017 8:13:21 PM","15/10/2017 8:13:25 PM","3","19","21","2"
"88936","LFA9434","15/10/2017 8:19:11 PM","69","15/10/2017 8:19:20 PM","15/10/2017 8:19:23 PM","3","15","21","2"
"88937","LFA9435","15/10/2017 10:30:51 PM","98","15/10/2017 10:36:16 PM","15/10/2017 10:36:17 PM","3","4","21","2"
"88938","LFA9436","16/10/2017 6:20:13 AM","83","16/10/2017 6:20:26 AM","16/10/2017 6:20:30 AM","3","8","21","2"
"88939","LFA9437","16/10/2017 8:06:52 AM","68","16/10/2017 8:07:05 AM","16/10/2017 8:07:03 AM","3","6","21","2"
"88940","LFA9438","16/10/2017 8:19:12 AM","96","16/10/2017 8:19:24 AM","16/10/2017 8:19:23 AM","3","11","21","2"
"88941","LFA9439","16/10/2017 8:46:46 AM","69","16/10/2017 8:46:59 AM","16/10/2017 8:46:58 AM","3","14","21","2"
"88942","LFA9440","16/10/2017 10:14:09 AM","98","16/10/2017 10:14:17 AM","16/10/2017 10:14:16 AM","3","2","21","2"
"88943","LFA9441","16/10/2017 11:44:20 AM","72","16/10/2017 11:44:32 AM","16/10/2017 11:44:31 AM","3","5","21","2"
"88944","LFA9442","16/10/2017 12:52:06 PM","71","16/10/2017 12:54:13 PM","16/10/2017 12:54:11 PM","3","13","21","2"
"88945","LFA9443","16/10/2017 12:53:21 PM","100","16/10/2017 12:53:52 PM","16/10/2017 12:53:50 PM","5","16","21","2"
"88946","LFA9444","16/10/2017 1:47:32 PM","100","16/10/2017 1:47:46 PM","16/10/2017 1:47:45 PM","3","16","21","2"
"88947","LFA9445","16/10/2017 2:00:10 PM","63","16/10/2017 2:00:21 PM","16/10/2017 2:00:21 PM","3","10","21","2"
"88948","LFA9446","16/10/2017 2:43:00 PM","62","16/10/2017 2:43:22 PM","16/10/2017 2:43:21 PM","3","18","21","2"
"88949","LFA9447","16/10/2017 6:30:44 PM","100","16/10/2017 6:31:05 PM","16/10/2017 6:31:03 PM","3","17","21","2"
